word,1,2,3,4,5
un,1.655273,1.125044,-0.988399,-2.267361,-1.94779
nombre,1.192823,1.672452,-0.060608,-0.964959,-1.183713
$\mathbb{N}$,0.930151,0.792961,-0.714242,-1.570237,-1.839397
deux,1.765796,0.724289,-1.039139,-1.779559,-1.142846
fonction,0.353376,1.527378,0.485676,-1.127252,-1.475142
premier,0.854163,0.548011,-1.584467,-2.14719,-0.68191
ensemble,1.237223,0.806292,-0.497316,-0.946415,-1.300681
point,1.142699,1.515518,-1.067788,-0.641731,-0.697606
théorie,-0.560068,0.389833,0.600574,-0.163572,-2.203576
exemple,1.136211,1.278079,-0.125075,-0.511415,-2.055005
espace,1.563645,1.270633,0.025015,-0.203121,-1.294843
théorème,-0.446459,-0.051903,1.527383,1.16885,-1.824449
problème,-0.195386,1.410986,-0.096011,-0.748604,-2.26538
valeur,0.78267,1.830462,0.432003,-0.5821,-1.958623
groupe,0.200001,1.134936,-1.861321,-0.91649,-0.851989
graphe,0.588532,0.244188,1.614164,1.779827,-1.031755
forme,1.986861,0.85663,0.104503,-0.519645,-1.994588
entier,1.024305,1.042448,0.020202,-0.447061,-1.480616
système,0.627606,2.690412,-0.113853,-0.383537,-1.639693
équation,-0.017454,0.650347,1.145251,1.202681,-2.143635
suite,0.265231,0.712755,-0.978842,-1.809941,-1.121459
algorithme,-0.617384,1.142628,0.816466,1.391041,-1.980693
calcul,0.074187,1.67614,0.792572,0.528283,-1.958499
application,-0.079157,2.50004,-0.291361,0.204494,-1.471007
élément,1.529031,1.096787,0.176638,-0.409075,-2.130957
grand,1.772306,0.27768,-1.019723,-2.120238,-0.87032
propriété,1.113565,0.807099,0.722033,-0.786891,-1.279078
ordre,0.560134,0.226746,0.111913,-2.169492,-0.601854
variable,0.950254,2.059964,0.183813,1.025711,-2.018726
base,1.426026,1.685744,-0.297626,-0.466653,-0.996152
géométrie,0.259045,0.189089,1.34193,1.130724,-1.453947
analyse,-0.034689,0.833102,-0.029363,-0.250769,-1.917987
loi,-0.405693,1.13193,0.049595,-1.790861,-1.065164
définition,0.269847,1.499058,0.66011,0.049917,-2.087081
réel,0.15087,1.236806,-0.318514,-0.324657,-2.655706
dimension,1.176481,1.082071,-0.195272,0.542599,-1.976574
statistique,-0.514348,1.923057,-0.926698,-0.741167,0.334955
sommet,1.880987,1.016258,0.060865,-0.403942,-0.320576
logique,-0.574826,0.719258,0.859709,0.267821,-2.063777
terme,0.449942,1.283799,0.128546,-1.229737,-1.693708
trois,1.601489,0.563202,-1.063836,-1.71453,-0.838171
plan,1.326488,1.015494,-0.219111,-1.166524,-1.142873
formule,0.014396,1.116795,-0.417693,0.269471,-1.056692
droite,1.442982,0.363632,0.522976,-1.096904,-0.939643
$\mathbb{C}$,1.006439,0.941442,-0.68644,-0.457372,-0.660122
solution,-0.063602,2.125556,0.051637,0.22669,-2.045829
modèle,0.914751,1.354605,-0.477999,-0.094499,-1.267847
linéaire,0.800954,1.579515,0.672906,1.269378,-1.993715
probabilité,-0.34106,1.414183,0.878068,0.815644,-2.071376
série,0.40513,-0.118282,-3.171777,-0.002818,-1.137798
somme,1.023944,1.047329,0.429099,-1.06112,-0.582899
mesure,0.994901,1.869686,0.031592,-0.755468,-1.282431
carré,2.694798,0.183703,0.138834,0.260409,-0.834704
vecteur,0.590241,1.808392,1.042435,1.465678,-2.000044
connexe,1.090305,0.7221,-0.876605,-0.831214,0.623296
classe,0.559755,1.004514,-0.656887,-0.896906,-0.298466
produit,0.889927,1.978137,-0.706527,0.012608,-1.780224
égal,0.818234,1.872277,0.340155,0.118117,-1.280908
cercle,1.087673,0.125398,0.285615,-0.684544,-0.511995
partie,1.722866,0.844339,-0.654847,-1.846435,-0.704119
relation,-0.450124,0.695154,-0.309086,-1.482671,-1.526636
courbe,1.551321,0.864646,1.189962,1.100213,-1.485028
différent,1.290578,1.603755,-0.468734,-1.154558,-1.964111
complexe,1.256249,1.397318,0.207123,-0.192406,-1.605948
matrice,0.65601,1.323873,0.77889,1.654552,-1.769984
domaine,0.894097,0.938433,0.276914,-1.72564,-0.982085
fois,0.808453,0.597033,-1.175531,-1.682885,-1.25904
type,1.786948,1.940931,-0.403852,0.249159,-1.187037
mot,0.889446,0.144456,0.028255,-0.182404,-1.84125
algébrique,0.2444,0.584453,1.341291,1.593984,-2.067967
degré,1.064223,-0.490727,-0.369999,-0.620975,0.64226
langage,-0.163904,0.788503,0.172305,0.57463,-1.95455
nul,-0.018702,1.769671,-0.257486,-0.309217,-0.716312
moins,1.45889,1.638785,-0.426012,-1.432936,-1.674001
objet,1.442365,0.769345,-0.22003,-0.67748,-1.959559
triangle,1.104375,0.395228,0.24004,1.280524,-0.52326
structure,1.187343,1.769684,0.129077,-0.237611,-1.425689
corps,1.291643,0.415308,-0.15843,-1.022435,-1.560711
rapport,0.630746,1.870289,-0.18393,-1.151279,-1.336953
longueur,2.606182,1.791095,-0.229005,0.498223,-0.449077
informatique,-0.628393,2.094786,-0.100528,-0.032675,-1.000504
infini,0.503674,0.360397,0.527575,1.156148,-2.268924
variété,1.278013,0.034248,0.079013,0.6821,-1.06604
ligne,2.046631,1.190187,-0.844393,-1.126983,0.539704
positif,-0.030294,1.359102,-0.340535,0.033987,-1.939958
angle,2.297523,0.62644,0.339203,0.447325,-1.068814
polynôme,0.047506,0.348606,1.256326,1.968126,-1.761617
centre,1.262817,1.363931,-0.668743,-1.64215,0.371316
démonstration,-0.151951,0.748211,0.410319,0.230545,-1.714457
vectoriel,0.878696,1.119669,1.081021,2.205534,-2.124111
limite,1.486969,1.528312,0.500626,-0.953248,-0.941196
représentation,0.950892,0.32967,0.138474,-0.755446,-1.451243
famille,0.772263,-0.917017,-0.496027,-2.150011,-0.443487
arête,2.238426,0.664662,0.998283,1.205777,-0.633656
distance,1.272687,1.988826,-0.378589,0.105213,-1.065148
surface,2.503924,2.103193,-0.013522,0.46532,-1.281663
aléatoire,-0.126741,1.58866,0.623289,0.919355,-2.282375
naturel,2.036356,1.282669,0.55278,-1.032468,-0.838924
normal,0.59361,1.09587,-0.051217,-0.155017,-1.085353
arbre,2.323372,0.425379,0.220513,0.01947,-1.415062
démontrer,-0.378557,0.691621,0.638272,-0.370473,-2.306091
algèbre,0.211577,0.409106,1.511373,1.717873,-1.63032
règle,-0.012073,1.366188,0.404562,-1.029249,-1.850605
volume,1.249239,0.176492,-1.514129,0.593782,0.468916
calculer,0.417978,2.158206,0.490366,0.801781,-1.629717
constant,0.5615,0.328659,0.43921,-0.11123,-1.334605
quatre,1.698334,0.706545,-1.170547,-1.465673,-0.556396
différentiel,0.069237,1.183677,0.979999,1.269655,-1.689384
hypothèse,0.107707,0.348089,0.852958,-0.577302,-2.318715
image,0.903503,0.291748,-1.035856,-0.013719,-1.687055
régulier,0.743808,1.428202,-0.593649,-0.481821,-0.557735
complet,0.605659,0.606082,-0.645993,-0.562269,-0.818421
racine,1.359528,-0.390504,0.377681,-0.044819,-1.37247
coefficient,-0.03448,2.032445,0.60008,1.360033,-1.330717
côté,1.389847,-0.20942,-0.890093,-1.284413,-1.303396
preuve,-0.473571,0.20391,0.377407,-1.124582,-2.568265
axiome,-0.650541,0.811976,1.84725,1.288782,-1.555267
$\mathbb{R}$,0.670854,0.717212,-1.613847,1.220406,0.18401
continue,0.338674,0.620546,-0.469519,-1.05758,-1.224359
résoudre,-0.40467,0.668166,0.46438,-0.780224,-2.385161
arithmétique,-0.232427,0.579293,1.768822,1.380902,-1.59626
conjecture,-1.127825,-0.291466,1.09703,1.500785,-1.408419
réseau,0.980908,2.473722,-0.434435,-0.736898,-0.354978
opération,0.026485,1.697535,-0.501497,-1.171977,-0.944281
chiffre,1.05018,1.922814,0.115843,-0.289791,-0.524997
expression,0.148442,0.459432,0.108422,-0.395371,-2.159426
propre,0.580195,0.782045,-0.485482,-1.395388,-2.10701
principal,0.892107,0.692163,-1.275864,-1.430656,-0.821469
paramètre,0.564395,2.357038,0.770638,0.991058,-2.03292
coordonnée,1.033831,1.4425,1.012417,1.322946,-0.519411
opérateur,-0.353879,1.218291,-0.194828,0.119365,-0.935116
numérique,0.331325,1.722655,-0.638324,0.063287,-1.168294
unité,0.775445,2.01443,-0.170565,-1.142913,-0.279138
liste,1.384519,0.75563,-1.35389,-1.354063,0.587809
convexe,1.223121,0.99265,1.66405,1.906015,-1.566776
rationnel,-0.391459,0.734418,1.327801,0.580441,-2.414102
nœud,1.779607,1.705085,0.290207,0.896684,-0.642492
$\mathbb{Q}$,0.028585,0.852978,-0.536779,1.429695,-0.63342
topologie,0.223181,0.753108,1.476131,1.64197,-1.702197
origine,1.075851,0.027455,-0.567828,-1.590459,-0.847352
distribution,-0.466101,-0.837461,-1.921192,0.140059,-0.598439
intervalle,1.083554,1.177239,0.606884,0.569782,-1.446088
compact,1.279325,1.244431,-0.180479,1.807545,-1.241443
reste,1.171971,0.672884,-0.368941,-1.875456,-1.381119
test,-0.536741,2.138373,-0.809915,0.328632,-1.633873
proposition,-0.793074,0.996101,0.066425,-1.612145,-1.424325
catégorie,0.297344,1.4978,-1.305274,-0.390783,-0.599726
programme,-0.406893,2.154918,-1.257312,-0.846178,-0.926022
intégral,0.555127,-0.074885,-0.812596,1.027959,0.812251
complexité,-0.416595,1.25172,0.905822,0.659651,-2.4428
automate,0.054994,0.717127,1.355817,1.256557,-0.926727
moyenne,1.731653,2.542297,-0.528155,-0.211419,0.045141
symbole,1.01525,0.293457,0.738252,-0.431954,-1.427783
axe,1.696833,1.693633,0.446108,0.137586,-0.217928
euclidien,0.875022,0.895691,1.714811,1.959832,-1.495588
inférieur,2.2643,1.716435,0.425828,-0.52203,-0.807994
dérivée,-0.162466,1.192243,1.620039,1.591203,-1.818672
transformation,0.655624,1.277137,0.143096,-0.167352,-1.044093
anneau,1.169297,0.373801,0.036549,1.111595,-1.547868
facteur,0.214835,1.135765,0.746828,-0.241129,-1.850383
indice,0.232873,1.818216,0.415853,0.462542,-1.298014
zéro,0.127097,1.24164,-0.502335,0.107624,-0.767688
sphère,0.764455,0.830503,0.963642,0.237535,-1.449885
strictement,0.266081,1.537923,1.28351,-0.064855,-1.755378
puissance,0.825816,1.927583,0.287995,-0.701358,-1.460087
Euler,-0.180207,-0.499442,1.797661,1.116297,-0.90328
topologique,0.548484,1.032802,1.553976,2.121553,-1.654237
déduire,0.199209,1.084528,0.946947,0.643074,-2.0379
composer,1.579996,0.48026,-0.918387,-0.6294,-0.719045
deuxième,0.775558,0.53605,-1.653406,-1.636256,-0.233847
rayon,1.429246,1.437797,0.102964,1.057713,-1.438744
caractéristique,1.787298,1.459699,-0.299938,0.064192,-1.451103
vide,1.516358,0.952715,0.17698,0.388772,-1.649692
affine,0.257347,0.647916,1.467509,2.057149,-1.321296
supposer,0.479575,0.386337,0.795178,-0.734873,-2.358546
ouvert,1.47944,1.046998,-0.150098,-0.730191,-0.734953
partiel,0.04944,0.657124,-0.509178,-0.448317,-0.760935
approximation,-0.283946,1.019706,0.99794,1.544946,-2.000498
convergence,-0.586788,1.368383,0.808472,0.355233,-0.923075
chemin,1.972393,0.420408,-0.414244,-1.424767,0.017717
rotation,0.992059,1.984815,0.403966,1.112197,-1.706491
différence,0.806686,1.354852,-0.008966,-0.427687,-2.092761
analytique,-0.437503,0.269828,0.930759,0.551485,-1.456951
formel,-0.588231,0.852644,0.959938,-0.278441,-2.062375
intersection,1.508563,1.009408,0.527589,0.890902,0.124044
pourcent,1.043966,2.286166,-0.585917,-1.11309,0.358734
caractère,0.707666,0.695503,0.620742,-0.629388,-2.418683
raison,0.345242,1.061933,-0.198911,-1.92197,-1.986633
aire,1.682119,1.149134,0.103658,-1.132448,1.095902
section,1.177711,1.238049,-0.688265,-1.065309,0.255146
cycle,0.58111,0.970946,-0.287745,0.011658,-1.052048
source,1.076534,0.233669,-0.885023,-1.092899,-0.036129
discret,0.203895,0.446253,0.279852,0.442258,-1.96356
combinatoire,-0.82309,0.588306,1.443267,1.31169,-1.58237
dynamique,0.202688,1.628063,0.549497,0.106752,-1.858717
inverse,0.319631,1.402327,0.339166,-0.028262,-1.695671
minimal,0.869752,2.395782,0.630566,0.419656,-0.783166
extension,0.90444,1.744993,-0.166624,-0.048835,-0.76139
arc,2.234236,0.174578,-0.267008,-0.221866,-0.654937
énoncé,-0.694871,0.448356,1.511255,0.973568,-2.496199
parallèle,0.989515,0.966242,-0.534085,-0.365805,-1.167048
négatif,-0.061016,1.525103,0.131136,0.127033,-2.55924
niveau,1.485015,2.396349,-0.403043,-1.086972,-1.257956
fraction,0.450654,1.227427,1.215549,0.249021,-0.397068
segment,1.263535,0.589978,-0.63341,1.235237,-0.709003
norme,0.033782,2.454847,0.296585,-0.057698,-1.201572
local,0.921201,1.545209,-0.270527,-1.977824,-0.732353
métrique,1.089862,0.993723,1.498407,0.906798,-0.475608
symétrie,0.641914,0.938347,1.28199,1.328824,-1.499957
inégalité,-0.937206,1.078568,1.398896,0.082246,-1.504599
chaîne,0.725143,1.682991,-1.179714,-0.274054,-0.848669
prouver,-0.189772,0.229971,0.587744,-0.863204,-2.194026
Gauss,-0.468414,-0.402545,2.0396,1.347997,-0.819589
symétrique,1.474319,1.035363,1.319139,1.362351,-1.747078
Riemann,-0.179926,-0.435655,1.645544,1.921569,-0.860267
$\mathbb{Z}$,0.462851,0.264145,-1.082622,1.156138,0.023408
polyèdre,0.584712,0.346615,1.732584,2.396413,-0.827582
binaire,0.808634,1.203846,0.835444,1.755287,-1.481634
demi,0.890759,0.643923,-1.132818,-0.65471,-0.136838
multiplication,0.408672,1.400927,0.927993,0.597085,-1.509724
libre,0.386607,1.146476,-0.668539,-1.26279,-0.669018
identité,-0.363527,0.768421,-0.15391,-0.983146,-1.90773
Hilbert,-0.625309,-0.303384,1.110513,1.666718,-0.902286
scalaire,0.361946,1.114231,1.449447,2.05127,-2.094478
solide,1.221714,1.338426,0.749181,0.393092,-1.845293
densité,1.948174,2.51117,1.045589,0.276361,-0.814156
lemme,-0.654908,-0.152099,1.888933,1.762361,-0.984309
polynomial,-0.70654,1.218643,0.985906,2.101994,-1.847532
cinq,1.402879,0.674556,-1.071756,-1.622491,-0.64098
exponentielle,0.020615,1.476219,1.399929,1.327214,-1.813019
élémentaire,0.602591,0.466811,0.807939,0.00589,-0.78953
argument,-0.698505,0.082545,0.446177,-0.163742,-2.023165
optimisation,-0.819204,2.091073,0.805438,1.08946,-1.582598
Fourier,-0.335048,-0.17388,1.407999,1.087853,-0.651148
dériver,0.932969,1.070359,-0.278562,0.482407,-1.379226
module,0.612926,2.364706,-0.042639,1.193651,-1.266705
maximal,1.507121,2.87661,0.175104,0.494133,-0.860193
paire,1.126494,0.630528,-0.280212,0.929677,-1.13358
uniforme,0.79148,0.685139,0.530563,-0.049411,-1.228594
action,-0.207308,1.506516,-0.966462,-1.289734,-1.688385
total,1.270906,2.55762,-0.804124,-0.868869,0.118003
polygone,1.106535,0.705537,1.562494,1.572902,-0.459877
division,0.617947,1.690762,-1.09138,-1.430301,1.355093
signe,-0.070008,0.466599,-0.936727,-0.902919,-0.972009
troisième,0.692556,0.432036,-1.540369,-1.668876,-0.185786
composante,0.311564,1.954465,0.755723,-0.080134,-1.255943
paradoxe,-0.746285,-0.504363,0.75478,0.734074,-1.86142
égalité,-0.913424,1.504318,-0.011645,-1.218995,-1.007159
critère,-0.41935,2.212834,0.636768,-0.52416,-1.778045
orthogonal,0.847566,1.153075,1.188159,2.113761,-1.34967
moment,0.397258,0.467538,-0.754068,-1.328295,-1.999485
conséquence,-0.20358,1.481773,0.394689,-1.689045,-1.915079
orienter,1.465043,1.472454,0.321502,0.086852,-1.550963
courbure,0.880616,1.117821,1.810449,1.698096,-1.755961
couple,0.229195,-0.382623,-0.9297,-0.838302,-1.424127
relatif,0.123573,1.856662,0.296921,-1.222663,-1.222357
morphisme,0.271859,1.19162,1.346823,2.384866,-1.388918
central,1.323611,1.589768,-0.568801,-1.287386,0.125808
observation,0.636859,1.024012,0.029404,-0.035632,-1.12821
fixe,1.041374,1.716935,0.216017,-0.197558,-1.096661
raisonnement,-0.816728,0.660996,1.463593,0.599936,-2.711099
cardinal,0.154962,-1.612657,0.554105,-1.824148,0.706445
quadratique,0.175215,1.09797,1.746196,2.169372,-1.724083
dual,-0.083838,1.304593,0.28929,2.374846,-0.792539
multiple,0.499923,1.180739,-0.423391,-0.19761,-1.857907
dénombrable,0.235185,0.971395,2.132251,1.658596,-1.311581
cube,1.16569,0.993019,-0.236596,1.713015,-0.569668
récurrence,-0.648226,0.569981,1.076724,1.492561,-1.742414
ordonner,-0.179426,-0.063772,0.98682,-1.760495,-0.634734
maximum,1.056555,2.165646,-0.323671,0.06082,-0.908559
variation,1.078512,1.058141,-0.228395,0.926562,-1.345449
pair,0.090856,-0.673295,0.654229,-1.246902,0.143421
projection,0.708967,0.881691,-0.280132,0.718845,-1.317501
ajouter,1.37663,0.96844,-0.315389,-0.663626,-1.412178
Fermat,-0.6534,-0.540241,1.907926,1.214081,-0.778033
fonctionnel,0.277515,1.880216,1.062561,0.362225,-1.852672
intérieur,1.881553,0.823714,-0.0439,-1.38046,-1.09407
milieu,1.501921,0.946372,-0.120622,-1.554573,-1.192116
tendre,1.044774,0.528643,0.1637,-0.770159,-2.19939
expérience,-0.134516,0.712576,-0.436786,-0.938152,-2.174537
voisinage,0.823821,0.771473,1.185549,-0.059336,-1.209117
commutatif,0.401151,0.897646,1.375664,2.336813,-1.556787
estimation,0.066276,1.983014,0.402934,-0.062199,-0.803193
projectif,0.650013,0.780248,1.858436,2.357254,-1.401328
quotient,-0.19188,1.332477,1.378481,1.437736,-0.885402
Newton,-0.890993,-0.626487,-0.404915,0.634896,-0.508344
dix,1.049917,0.586303,-0.962819,-1.729157,-0.594314
localement,1.285165,1.279685,1.194331,-0.113869,-0.946859
borne,1.294192,0.652184,0.390443,0.399363,-0.432728
exact,0.410744,0.99858,0.692793,-0.168434,-1.723866
six,1.281988,0.813443,-1.4158,-1.302477,-0.432435
impair,1.122405,1.006114,0.928692,0.944103,-0.245905
équivalence,-0.358611,1.457067,1.224661,1.058301,-1.300619
Cauchy,-0.506904,-0.532527,2.122231,1.206382,-0.764056
échelle,1.00049,1.805353,0.253218,-0.402185,-1.29666
rectangle,2.094638,0.496041,0.72484,1.789246,-0.835339
ordinal,-0.500451,0.791277,2.238884,1.447666,-0.562017
échantillon,0.970763,1.532367,0.420722,0.75438,-1.741599
réciproque,-0.820159,0.695288,1.425588,0.253519,-2.227113
minimum,0.644199,2.745158,-0.002917,-0.375875,-0.812444
engendrer,0.211321,1.35036,0.913893,0.059422,-2.181471
stable,0.54732,1.846602,0.406498,0.249707,-1.587917
algorithmique,-1.082418,1.093831,1.388304,1.429145,-1.579326
fibré,0.335476,0.745356,1.697648,2.613255,-0.975402
universel,0.164933,0.092571,0.513673,-1.138046,-0.945348
union,-0.523609,1.03406,-0.708993,-2.408334,0.31913
diagramme,0.364401,0.947972,0.818079,1.782212,-1.05705
événement,0.172843,0.728064,-0.739958,-1.683978,-0.8528
Turing,-1.865825,0.157482,0.707185,1.293105,-0.956107
addition,0.221589,0.918405,0.261624,1.221604,-0.774192
stratégie,-0.852778,2.015206,-0.188303,-0.930139,-1.765081
optimal,-0.094475,2.42887,0.434326,1.138838,-1.767337
variance,-0.891396,1.897711,1.339014,1.985759,-1.468375
permutation,0.453533,1.038051,1.333128,1.966488,-1.079248
disque,1.086178,0.451566,-1.961881,0.648044,-1.344239
tenseur,-0.343441,0.88742,2.002288,1.881405,-1.575689
hyperbolique,0.456224,0.594916,2.32498,2.034267,-1.050103
décomposition,0.517142,1.155285,1.362488,1.219819,-1.746432
elliptique,1.78405,0.336195,1.273351,1.963929,-1.076278
mesurer,1.823787,1.778549,-0.01253,0.569476,-0.997471
rang,0.682467,0.623666,-0.037962,-1.513828,-0.306682
Leibniz,-0.746355,-1.026716,1.539229,0.748084,-0.457656
boule,1.557263,0.157735,-0.110785,0.789916,-1.266865
branche,1.035889,0.291082,0.558325,-1.068628,-0.133501
partition,0.686163,-0.076784,-0.135446,0.494008,-0.752487
fermé,1.516646,1.049883,0.393303,0.255921,-0.414887
invariant,-0.080441,0.722169,1.30751,1.968086,-1.380206
diviser,1.331938,1.177788,0.410122,-1.296098,-0.168592
diviseur,0.283062,1.293599,1.627422,1.838019,-0.674752
Banach,-0.670735,0.327884,1.763562,2.030892,-0.741325
logarithme,-0.24198,0.695472,1.960112,1.845886,-1.137207
cent,1.512778,0.264938,-0.451928,-1.432914,-0.331098
décimal,0.194295,1.49226,1.575133,1.912368,-0.515172
espérance,0.103,0.29168,0.27122,-0.299059,-0.387911
estimer,0.207439,1.637635,0.059731,-1.217666,-0.982264
périodique,0.356773,0.669165,0.124536,0.157045,-0.859455
harmonique,0.881597,0.519531,0.826504,1.545265,-1.952977
déterministe,-0.762624,1.211171,1.56277,1.425398,-1.686572
intégrer,0.424561,1.385126,-0.672114,-1.26438,-0.392616
extérieur,1.640188,1.395525,-0.163971,-1.046632,-1.252732
interne,0.657139,1.489203,-0.07383,-0.759665,-0.55682
absolu,-0.200524,1.00297,0.59446,-0.778091,-1.58055
converge,-0.551817,0.548353,1.330709,2.130458,-1.603066
unitaire,-0.655309,1.627375,0.989506,0.08003,-0.373928
multiplier,0.180754,1.057858,0.381462,-0.840959,-1.519371
global,-0.595223,2.754226,-1.140987,0.235458,-0.686562
modulo,0.170555,1.521123,1.082048,2.526794,-0.423129
trivial,0.193273,0.812565,0.96155,2.035459,-1.772741
abélien,0.522274,1.364982,1.117275,2.369526,-1.598351
Bernoulli,-0.501779,-0.793669,2.163098,0.97736,-0.312093
borné,0.205506,1.080404,1.841011,1.50352,-0.954773
remarquable,1.921291,0.081603,0.187366,-0.888356,-0.892493
hauteur,2.882533,1.569925,-0.065636,-0.324186,-0.54773
supplémentaire,0.799022,2.055481,-0.620977,-0.521355,-1.303488
Pascal,0.221942,-1.912418,-0.962842,-0.610625,-0.229268
NP,-0.802531,0.904977,1.078653,1.468801,0.05143
univers,0.373568,0.04916,-0.982684,0.152815,-2.137402
cartésien,0.077632,-0.091681,1.879508,1.307207,-1.370418
sept,1.363161,0.415193,-0.986393,-1.538681,-0.504845
noyau,1.187282,1.612965,0.831556,0.512011,-1.479137
canonique,-0.103076,0.448926,1.85849,0.02114,-0.926848
isomorphe,0.31265,1.090886,0.889914,2.269447,-0.96144
évaluation,-0.840389,2.531186,0.096124,-0.616082,-1.463905
intégration,-0.456922,2.000517,0.450738,-0.869528,-1.0748
combinaison,0.880632,1.368708,-0.04824,0.723894,-2.0305
précision,0.710708,1.429226,0.469955,0.236792,-1.946379
spécial,0.242126,0.738406,-1.687369,-0.703414,-0.804999
isomorphisme,0.385736,1.207008,1.397696,2.005549,-1.364921
idéal,0.488506,0.269644,0.349603,-0.227722,-2.039512
complémentaire,0.048313,1.334069,-0.001938,-0.234466,-0.923231
riemannien,0.756618,0.568933,2.15178,2.594597,-1.29549
Dirichlet,-1.037355,-0.030667,1.85359,1.896057,-0.90543
Gödel,-2.09049,-0.39492,1.084149,1.562365,-0.683414
Neumann,-0.972146,-1.407969,0.037781,0.638397,0.531545
transformée,-0.95543,-0.032711,1.702573,1.938922,-1.400049
régression,-0.054323,1.443304,1.322385,0.71482,-1.456931
infinité,0.177722,0.685361,1.19572,1.374382,-1.933575
Cantor,-0.729128,-1.146399,0.885047,1.298163,-0.242854
modélisation,-0.647342,1.92682,0.680349,0.965657,-1.447062
tracer,1.575383,0.485708,0.687816,0.425758,-0.762852
cône,2.332511,0.905301,1.193224,1.312118,-1.149241
cubique,1.684331,0.607322,1.590996,2.037584,-1.128503
simplifier,0.254751,1.399025,0.813032,0.036266,-1.459417
composition,1.117441,0.218814,-0.908599,-0.484868,-0.878019
triangulaire,2.659116,0.435977,1.222306,0.969421,-0.905952
Poincaré,-0.593296,-0.938039,1.566466,0.408074,0.087376
réflexion,-0.109288,0.302212,0.38896,-0.635423,-1.880877
huit,1.376747,0.817864,-0.993885,-1.501946,-0.49178
stochastique,-1.137575,1.031799,1.654593,1.668757,-1.48127
coloration,1.461878,0.505289,0.912019,1.553648,-2.081648
diamètre,3.052579,1.66132,-0.186967,1.286887,-0.852296
négation,-1.168693,0.466028,1.352161,0.911325,-1.755505
réduction,0.151427,2.510854,0.75015,-0.474821,-1.494876
Markov,-1.795364,-0.02159,1.388615,1.375791,-0.02393
conique,2.446272,0.254699,1.252001,1.778021,-1.121738
probabiliste,-1.500702,1.139614,1.605929,0.817859,-0.598993
sphérique,1.682747,0.708651,1.200576,1.802291,-1.607236
tangente,0.753459,0.494301,2.078708,2.042987,-0.930231
dérivable,-0.056432,1.184117,1.587005,2.035299,-1.349685
adjoint,-0.854347,-0.431545,-0.604686,-1.9753,0.383235
bijection,-0.100302,0.978403,1.750378,1.769878,-0.842531
estimateur,-0.97278,0.802365,1.839832,2.348845,-1.344152
compter,1.445787,1.377011,-0.234581,-1.317203,1.073412
homogène,1.219232,1.49075,1.273185,0.408195,-1.914044
neuf,1.538644,0.603019,-0.906159,-1.540278,-0.276375
Laplace,-0.516936,-0.928788,1.733805,1.118928,-0.568865
support,0.959127,1.976328,-0.561955,0.939067,-1.41637
évaluer,0.046201,2.467868,0.242369,-0.540495,-1.455841
Fibonacci,-0.624151,0.161084,1.527608,2.116281,-0.679522
étoile,1.183664,0.61796,-0.896304,0.081158,-0.512887
récursif,-0.612923,1.05359,1.610996,1.789385,-1.647596
priver,0.151014,0.455119,-0.869056,-1.94523,-0.622112
vingt,1.149382,0.534269,-0.855566,-1.565627,-0.406601
trigonométrique,-0.071925,0.678163,2.162358,1.834888,-1.340438
moitié,1.752835,0.610413,0.067067,-1.744616,-0.777694
trace,1.653395,0.010965,-0.027423,-0.293098,-1.553363
faisceau,1.296096,1.47021,1.186961,1.158061,-1.155169
irréductible,0.102684,0.800589,1.536598,1.755747,-1.58282
intégrale,0.43791,-0.345097,0.0443,2.304935,-0.959888
corrélation,-0.319669,1.540638,0.869991,1.042251,-2.144293
pôle,0.85193,1.752968,0.391614,-0.769479,0.208641
Poisson,2.191565,0.170239,0.245718,0.261693,-1.298376
proportionnel,-0.039661,2.545622,1.395383,-0.116744,-0.430638
Lebesgue,-0.191823,-0.53679,2.435976,1.733698,-0.550032
générateur,0.703062,2.167399,0.483977,1.284886,-1.408017
flot,0.842709,0.591323,1.192161,0.352457,-0.878145
Lagrange,0.100894,-0.957835,1.206504,0.540904,-0.182395
Viète,-0.826675,-1.504128,2.414519,0.800537,-0.511409
centrer,0.692649,0.73298,0.267156,0.065915,-1.07496
croissance,0.569405,2.460279,0.675723,-0.58692,-1.528729
modulaire,0.317903,1.409922,0.873683,1.811438,-1.408019
fractal,-0.313944,0.042136,0.923571,2.450715,-0.753722
grammaire,-0.102484,-0.202853,1.225879,0.502575,-0.786779
prédicat,-0.616501,-0.06002,2.206791,0.817078,-1.220843
Russell,-1.745419,-1.394872,-2.163914,-0.131302,-0.437953
polaire,0.947281,0.744375,0.713153,0.785243,-0.410645
asymptotique,-1.008524,1.483166,1.857359,1.348094,-1.542008
diagonale,1.78941,0.947793,1.061047,1.398957,-0.535582
translation,-0.241282,0.323907,-0.200075,1.721628,0.251845
continuité,0.320492,0.77614,0.515221,-0.530084,-1.347068
pavage,1.414817,0.067859,1.938977,1.907148,-0.775161
ellipse,0.503147,-0.413595,0.720595,1.319872,-0.533888
restriction,-0.611335,2.254065,0.617367,-0.76606,-1.366321
filtre,0.934554,1.540994,0.836837,1.611981,-1.942748
différentiable,-0.051385,0.8432,1.886188,2.185818,-1.554335
holomorphe,-0.146513,1.277655,2.134057,2.260357,-1.123222
strict,-0.490655,1.36456,1.261847,-0.96161,-1.901706
circulaire,2.590159,0.890145,0.953977,0.029634,-1.027934
automorphisme,0.451583,0.830648,1.002074,2.787705,-1.362836
interpolation,-0.290828,0.33909,1.210581,2.167682,-1.415337
singulier,0.531756,0.091214,0.516305,0.147307,-1.890748
mesurable,-0.012374,1.300692,1.559115,1.444798,-1.982603
imaginaire,0.744377,-0.806245,-0.152,-0.117324,-1.690261
polytope,0.27343,0.045295,1.728794,2.953328,-0.373788
gradient,0.37848,2.0687,1.139172,1.74854,-1.619561
hamiltonien,-0.530408,0.905866,1.895618,1.938942,-1.497442
restreindre,-0.041646,1.713369,0.726861,-0.92467,-1.360354
divisible,0.276636,1.191035,1.040758,2.14153,-0.132595
isométrie,0.499814,1.563259,1.674808,2.372243,-1.250045
Ramanujan,-2.248774,-0.370941,1.812179,1.436916,-0.038555
stabilité,-0.131465,2.122754,1.143933,-0.349307,-1.832965
irrationnel,-0.49132,-0.010397,1.478442,1.157601,-2.518817
intégrable,0.125371,0.543317,2.410912,2.221375,-1.730199
symplectique,-0.421387,0.283422,2.294672,2.71156,-1.009114
binomial,-0.454216,0.418482,2.052311,1.830277,-0.678764
factorielle,-0.242704,1.288539,1.298465,2.239849,-0.919584
planaire,0.290559,0.25005,2.062596,2.243659,-0.857683
homologie,-0.283889,0.714948,1.710141,2.194765,-1.218347
largeur,3.388042,1.906035,0.466339,0.609393,-0.569955
compas,0.134258,0.529628,0.833193,1.489723,-0.277467
foncteur,-0.303221,0.751463,2.683585,1.690107,0.266681
Taylor,-1.44354,-1.254999,-2.704318,0.059709,-0.588185
factorisation,-0.672234,0.583853,1.800355,2.081473,-1.020991
Euclide,-0.463233,-0.181922,2.074724,1.426769,-0.369534
perpendiculaire,2.489239,1.11287,1.272613,1.102687,-0.848356
croissant,0.439621,1.396369,1.128632,-0.714791,-1.213902
corde,1.358477,-0.385398,-0.935267,1.03521,-0.983381
abscisse,0.720056,0.954797,1.950237,1.814618,-0.47778
cyclique,0.22502,1.616573,1.102149,1.556981,-1.665728
Lie,-0.236399,-0.180292,-0.817843,2.288867,-0.865763
interaction,-0.278002,1.956556,0.316074,0.973502,-2.13062
Archimède,0.094022,-0.140128,2.001686,1.424677,-0.781172
quatrième,0.430745,0.479598,-1.544868,-1.240259,-0.015083
inférence,-1.335818,0.956912,1.880766,1.50195,-1.78895
Borel,-0.352876,-1.735586,1.021196,0.470489,0.220175
convergent,0.500819,1.041768,1.548803,0.903649,-1.153837
spectre,0.657387,0.724478,-0.056746,1.140256,-1.934375
déduction,-1.139197,1.221041,1.489863,0.744437,-1.511364
spectral,0.963677,1.102468,0.583451,2.399744,-0.54004
implication,-1.509969,1.112381,0.033402,-0.656064,-1.443598
décroissant,0.717833,1.484774,1.338905,0.812419,-0.625856
triplet,0.889663,0.100041,1.404393,1.851159,-0.743793
génératrice,0.204496,1.303126,1.406152,1.588913,-1.150705
Pythagore,-0.125909,-0.837363,2.276359,1.136227,-0.655221
équivalent,0.349147,1.619654,0.319944,-0.172273,-0.742762
million,1.124324,2.178167,-1.132536,-0.399713,0.435383
singularité,-0.044198,0.115809,1.195946,0.727149,-1.608827
endomorphisme,0.126856,1.27281,0.999697,2.964819,-1.22947
indépendant,-0.490823,1.021211,-0.373611,-1.35154,-0.590568
tore,1.602223,-0.304396,1.393843,1.813989,-0.662253
significatif,0.438615,1.720806,0.463144,-0.936323,-1.685108
semblable,1.717824,0.507142,0.371262,0.010234,-2.120483
sinus,1.390989,0.252372,2.190925,1.853837,-0.483032
dérivation,1.057006,0.80899,1.867653,0.83404,-0.583086
tribu,0.213785,0.064181,0.817792,-1.233816,-0.300376
uniformément,1.300711,0.452869,1.301632,1.803969,-1.87756
Boole,-1.247395,-0.217554,1.446123,2.153964,-0.402176
lisse,2.627414,0.293414,0.995161,1.381654,-1.579883
booléen,-0.429878,1.131474,1.288081,2.309378,-1.412042
infinitésimal,0.048099,0.463422,1.932213,1.940189,-0.996542
cohomologie,-0.267195,0.554487,2.46831,2.483156,-0.364009
Legendre,-0.34649,-1.962105,1.255401,0.740026,-0.196841
pondérer,-0.217847,1.75544,1.341998,1.564406,-0.833696
médian,1.8124,1.435372,1.083064,0.711048,-0.459788
multiplicatif,-0.119467,1.120875,1.87903,2.145113,-1.221565
Peano,-0.85576,-0.796421,2.248602,1.628825,-0.701139
quadrature,-0.597574,0.088663,1.552751,1.968629,-0.66734
résidu,1.228261,2.065514,1.172887,1.367627,-1.626543
stationnaire,0.240142,1.529347,1.285339,1.411613,-1.616726
homotopie,-0.567645,1.286311,1.977542,2.246607,-0.622253
entropie,-0.502462,1.49349,1.691961,1.698209,-1.286902
logarithmique,0.315383,1.231086,1.926404,2.15658,-1.108885
clique,-0.905372,0.682986,1.486325,1.014891,-0.002664
dualité,-0.512291,0.269378,1.661874,1.001086,-1.733377
dense,2.831236,1.373917,1.027352,0.265409,-1.293769
monoïde,-0.009918,0.758642,2.041812,2.717358,-1.140954
orbite,0.255067,1.215384,0.046827,1.281556,-0.457366
axiomatique,-0.98664,0.391182,2.048559,1.785635,-1.499335
transitif,-0.103163,0.43872,1.848042,1.820408,-1.324873
Abel,-0.190569,-2.059674,-0.553971,-0.49291,-0.047594
bilinéaire,0.352914,0.614668,1.790713,2.870547,-1.889976
paramétrer,0.112716,1.435696,1.367888,1.856045,-1.434984
cylindre,1.88397,1.652455,-0.26505,1.70883,-0.150381
centré,0.90261,0.433477,1.554077,1.324681,-0.51898
mille,1.452804,0.316643,-0.441646,-0.582538,-0.228969
normer,0.014614,-0.543742,2.164562,1.708051,-0.688718
inversion,0.396129,1.163355,0.550565,1.306497,-1.521498
quadrilatère,2.02419,0.442118,2.456683,1.090015,0.019304
trigonométrie,-0.033158,0.182848,2.570939,1.886427,-0.577277
dénominateur,0.155364,1.022882,1.630893,1.450066,-1.01615
indépendance,-0.742936,0.978817,0.194048,-3.133724,-0.354149
Noether,-2.682088,-0.456097,1.611268,1.07272,0.245696
régularité,-0.402394,1.423308,0.875518,0.208249,-1.381225
périmètre,1.517848,2.198286,1.436737,-0.912541,0.066308
parabole,0.70482,-0.526419,1.054379,1.243255,-1.017746
monotone,-0.249511,0.367922,1.471901,1.685348,-1.637418
Hausdorff,-0.833067,0.017327,1.70121,2.126902,-0.201528
plongement,-0.084076,0.491718,1.593752,2.552921,-1.307141
converger,0.426722,0.887317,1.689674,0.722846,-0.96954
pyramide,1.740104,0.350144,0.90752,-0.049173,-0.176635
Grothendieck,-0.747995,-0.881921,1.743075,1.813924,-0.015839
neutre,-0.100533,1.38414,0.762319,-0.309338,-1.498811
diverger,0.011619,0.498079,0.898946,0.230231,-1.926563
matriciel,-0.350852,1.148712,1.134225,2.146105,-1.981177
symbolique,0.676417,0.092374,0.784123,-0.642981,-2.021743
tiers,0.810765,1.370847,0.4211,-1.462749,-0.706204
quaternion,-0.414703,0.411967,1.466146,2.629776,-1.105858
inversible,0.59681,0.894603,0.885487,2.686622,-1.453474
transcendant,-0.586692,-0.289067,1.657654,1.166894,-1.947711
excentricité,0.125629,1.936818,1.385643,2.197642,1.358809
Jacobi,-0.850898,-1.582081,1.01643,1.419881,-0.094903
divergence,-0.740717,0.874337,0.778423,-0.039682,-1.6969
projeter,1.076728,0.54852,-0.06349,-0.085712,-1.509272
tétraèdre,1.254277,0.494508,1.386551,2.584308,-0.640576
Kolmogorov,-2.127567,-0.083222,1.511624,1.500328,-0.403681
Hamilton,-1.187966,-0.643886,-1.621336,-0.293714,0.144628
hexagonal,2.072061,0.517777,1.118787,1.732102,-0.361366
séparation,0.15092,0.828537,-0.042545,-0.615485,-1.427335
douze,1.297267,0.450752,-0.63122,-1.302553,-0.531395
cosinus,0.177674,-0.00957,2.698865,2.198592,-1.053435
terminal,0.914779,2.109135,-0.317889,0.737741,-0.298598
tensoriel,-0.238897,0.702286,1.980608,2.297917,-1.309503
treillis,1.256763,0.515613,1.456425,1.993173,-0.754058
cinquième,0.382315,0.538757,-1.505602,-1.299741,0.085645
profondeur,2.11125,1.388463,0.378014,0.078697,-1.289772
dodécaèdre,1.089121,-0.057687,2.783779,2.461515,0.068104
Hadamard,-0.280215,-1.238781,2.37831,1.550425,-0.279433
Nash,-1.529828,-0.790717,-1.420037,0.847309,-0.685505
Cartan,-0.784125,-1.586124,1.852581,1.476679,-0.284395
adhérence,0.518254,1.76843,1.243724,1.380652,-1.398117
hyperbole,0.750198,-0.152907,2.453261,2.035256,-0.680593
convolution,-0.817032,0.947016,1.684621,2.152014,-1.31487
covariance,-1.085607,1.249,1.707595,2.245552,-1.207456
soustraction,-0.718707,1.23301,1.60952,1.133205,-0.766621
constructible,0.658415,0.983745,2.521613,1.52492,-0.558032
décimale,0.004376,1.095876,1.680798,1.962876,-0.227235
congruence,-0.346913,0.824109,1.256884,2.42438,-0.955443
séparable,0.259745,0.379414,1.814711,2.35487,-1.276254
prolongement,1.624099,0.979385,0.81002,-0.505668,0.286377
induction,-0.649006,1.030497,0.860218,1.760151,-1.51861
Schwartz,-1.048401,-1.774355,-0.905618,0.400478,0.178969
cryptographie,-1.100788,1.039747,1.52417,1.656585,-1.012154
similitude,0.477392,0.091364,0.821395,0.277531,-2.215196
Minkowski,-0.271704,-1.036615,1.478704,1.699006,-0.563902
ZFC,-1.47547,-0.060163,2.812055,1.479621,-0.499237
Catalan,0.076415,0.007678,0.19532,-0.999204,0.554326
hyperplan,1.263799,1.305119,2.451946,2.594818,-0.526971
radical,-0.618374,0.335743,0.3175,-1.134564,-0.72983
intuitionniste,-2.030324,0.313631,2.170566,1.912741,-1.610109
singleton,-1.333935,-0.614985,0.120983,1.750268,-0.690996
biparti,0.188964,0.01004,2.235261,2.643005,-0.692306
Bell,-0.853676,-0.352713,-1.980315,0.329504,-0.022417
pentagone,-0.190461,0.223483,1.310469,0.680524,0.221877
homothétie,0.102109,1.338424,1.130893,2.592345,-0.651465
sommation,-1.141035,0.153404,1.63863,0.803051,-1.068576
Knuth,-1.529885,-0.512933,0.987622,1.858357,-0.155356
Zermelo,-1.294408,-0.976375,2.44741,1.968725,-0.794906
quantificateur,-0.761168,0.791105,2.471282,1.854122,-1.519868
pentagonal,2.020729,0.300574,1.915674,2.035098,-0.189018
Cayley,-0.954588,-0.78764,1.571929,1.802229,-0.281031
préfixe,0.09934,0.806876,1.045192,1.355307,-0.75459
adjacence,0.008423,0.377145,1.630636,2.750598,-0.664273
calculable,-1.124999,0.976446,1.842187,1.487923,-2.045229
chaos,-0.231956,0.186087,-0.522704,0.762594,-1.277719
trente,1.050331,0.282953,-0.36669,-1.731093,-0.295422
Dedekind,-1.064216,-0.680504,2.112711,1.798433,-0.565702
heuristique,-1.485078,1.322569,1.503065,1.30977,-1.686275
Weyl,-1.307547,-1.549739,1.50024,1.601218,-0.45137
Tchebychev,-1.114742,0.356325,2.592459,1.906367,-0.148131
Fréchet,0.311198,-1.159929,2.674039,1.713415,0.033328
associatif,-0.456617,1.108105,0.875048,-0.581814,-0.134892
implicite,-1.155861,0.78377,1.347099,0.421088,-2.147624
inverser,0.997898,1.003388,0.366631,0.735775,-1.500125
calculabilité,-2.180065,0.606309,2.090866,1.817335,-0.933066
dominer,1.180539,0.886067,0.359208,-1.159093,-0.902081
Brouwer,-0.179446,-1.817713,0.155989,0.96972,0.361824
séquentiel,-0.128902,1.561239,1.050819,1.890559,-1.635326
Tarski,-2.459251,-0.26054,1.565895,1.464658,-0.16698
lacet,0.877542,0.626844,1.544513,1.653502,-0.74294
conjonction,-0.14894,0.621604,1.322959,0.934013,-1.389977
laplacien,-0.7271,0.645714,1.788409,2.802146,-1.662047
négligeable,0.455779,1.864479,1.160288,-0.174211,-1.860774
quantification,-0.663914,1.338074,1.00832,2.088105,-1.590124
récursivement,-0.17623,0.569121,2.538268,2.090019,-1.311367
coïncider,0.131111,0.978022,0.940037,-0.128736,-0.781129
déformation,0.821869,1.213237,1.622613,0.651093,-1.95334
Scott,-1.39178,-1.475481,-2.803764,-0.098979,-0.737302
difféomorphisme,-0.147026,1.459387,2.474174,2.278928,-0.248415
parallélogramme,0.556873,0.563014,2.447137,1.878528,-0.678331
$\pi$,-0.450501,0.066884,0.416184,1.335196,0.044376
corollaire,-1.168707,0.764462,1.600047,0.644321,-1.460657
simplexe,-0.18054,1.225112,1.294224,2.641885,-0.466027
multiplicateur,-0.87988,1.554384,1.676788,1.705716,-0.945205
hexagone,0.774968,-0.074135,0.150755,0.932346,0.079578
hypercube,0.054341,0.476303,1.66772,2.493424,-0.161894
Landau,-0.987658,-1.00656,0.544077,0.387038,0.436928
normaliser,0.329267,1.461047,1.052373,0.900476,-1.071012
pivot,-0.565228,0.392922,-0.026385,0.34885,0.092778
icosaèdre,0.693287,0.20446,2.301427,2.538912,-0.013611
plonger,0.946134,0.396274,0.181843,-0.012873,-1.689618
équilatéral,1.08786,0.41495,1.94381,2.359793,-0.156229
divisibilité,-0.825072,1.686634,1.360427,2.284446,0.109028
métrisable,0.462901,0.338954,1.95621,3.256732,-1.861074
compacité,-0.347874,0.966559,2.469651,1.622269,-1.26997
dénombrement,0.012372,-0.151164,2.299451,0.028461,-0.00664
torsion,0.685664,0.861233,1.238541,1.705722,-1.462568
décidable,-1.380623,0.718715,1.928324,1.876871,-1.922116
incertitude,-0.268671,1.193555,1.12472,0.273826,-1.760582
quart,0.810544,1.230316,-1.015803,-0.953265,0.252789
Bessel,-0.629114,-0.812464,2.203301,1.949831,-0.042475
bijectif,-0.822807,1.529555,1.283814,2.464039,-1.631751
homéomorphisme,0.477256,1.026177,1.960205,2.436854,-0.230984
postulat,-1.059273,0.215143,1.500602,0.620003,-1.906933
clôture,0.95042,0.838233,-0.104948,-0.388519,-0.225001
numérateur,-0.564698,1.03832,2.077325,1.7951,-0.142158
revêtement,2.322911,1.1109,0.942034,1.343219,-1.448007
discriminant,-0.704286,1.24505,1.619913,1.73766,-1.69804
incomplétude,-1.715997,-0.580355,1.807653,1.549198,-1.443592
Peirce,-1.988405,-0.808357,1.017046,1.623392,-0.478999
indécidable,-2.060716,0.259963,1.977512,1.709093,-1.870214
pgcd,-0.072654,1.911275,2.113997,2.337904,-0.014196
congru,0.524051,0.803328,1.58183,2.143024,0.469024
fractionnaire,-0.460859,0.711563,1.849257,1.949469,-0.848128
opposé,0.276314,0.36078,0.848161,0.320351,-1.575591
Hamming,-1.165811,0.618023,1.92415,2.240603,0.536727
lagrangien,-0.347267,0.920891,2.232561,2.042414,-1.596271
primalité,-2.742382,0.008875,2.187102,1.992179,-1.09015
démontrable,-1.768233,0.383085,1.597323,2.15057,-1.71741
borélien,-0.272846,0.643974,3.103167,1.893009,-0.370338
hypergéométrique,-0.825637,0.248774,2.594127,2.3759,-0.66429
injection,0.495476,1.982072,0.40528,1.430765,-0.963624
réflexif,-0.604303,0.337006,2.12434,1.784993,-1.418431
surjectif,-1.023059,2.291144,0.671671,2.871677,-1.439626
orientable,1.254613,1.318584,0.986246,2.671341,-0.878736
Littlewood,-2.060605,-0.945575,1.423411,1.785369,-0.741463
Liouville,-1.135342,-1.136721,2.59501,1.403764,-0.579156
prisme,0.827489,0.29784,1.486413,1.731172,-1.218358
ergodique,-1.538765,0.577005,2.442483,1.659857,-1.153528
algébriquement,-0.498405,0.469709,1.693058,2.298963,-1.454166
déterminant,0.019881,0.914851,1.780885,1.413834,-1.217597
Kronecker,-1.252068,-0.886352,2.328968,1.612873,-0.259808
valuation,-0.870515,0.846981,1.285126,2.617996,-0.840281
eulérien,0.108391,1.312136,2.472662,2.208838,0.238747
littéral,-0.148085,-0.179003,1.05057,0.942194,-1.769513
disjonction,-1.30824,0.541697,1.69502,1.993403,-0.744572
parallèlement,0.236194,0.657115,-0.558949,-1.176306,-0.500619
retenue,1.108476,1.269688,1.416009,0.226715,-0.471442
majoration,-1.380538,1.992976,1.823655,1.03302,-0.325625
crochet,1.376853,-0.170766,0.217892,1.199167,-1.358577
sécant,0.265489,0.482758,2.415376,1.956383,-0.541511
invariance,-1.344767,0.773048,1.799149,1.55355,-1.06499
suffixe,0.564483,0.063323,1.383035,0.952498,-0.882327
homomorphisme,-0.168047,1.494014,0.889855,3.010289,-0.935444
antisymétrique,-0.458397,0.999043,1.879386,2.578637,-1.377241
barycentre,-0.027653,1.278506,1.859895,1.971384,-0.334652
subdivision,0.214413,1.777325,0.882065,-1.026795,1.612882
assertion,-1.265358,0.059309,1.413867,0.749279,-2.051463
polygonal,3.331055,0.04083,1.788705,1.134938,-0.497688
octaèdre,1.199104,0.672634,1.71574,2.770152,-0.124698
onze,0.985127,0.67825,-0.733744,-1.393707,-0.168572
milliard,0.406415,2.950686,-0.420462,-0.052794,0.569514
orthonormal,0.069841,1.193049,1.751672,2.627796,-0.820702
tridimensionnel,0.436935,1.226665,1.067017,1.850228,-1.665398
extraction,1.329642,0.19759,1.887444,-0.135451,-0.012464
linéarité,-0.632943,0.979346,1.66172,1.592681,-1.958461
Pólya,-2.993856,-0.156558,1.394846,1.407279,-0.055535
Riesz,-1.115177,-0.708172,2.713833,2.008612,0.1673
cinquante,1.043014,0.391643,-0.534829,-1.077064,-0.531192
transposer,0.143754,0.126757,0.762248,0.689115,-1.390657
additionner,0.497866,1.496066,0.688805,1.023638,-0.855827
dispersion,0.274844,1.388077,1.094653,0.496843,-1.48264
sophisme,-1.552189,-0.143258,2.334603,1.453292,-1.327658
homéomorphe,0.976266,0.668306,2.186664,2.410616,-0.530563
Kleene,-2.046851,-0.54688,1.756182,2.180479,-0.999858
bissectrice,0.844309,0.848183,2.532172,2.164014,0.3444
ZF,-0.235703,0.982645,1.03794,2.468721,-0.332461
concave,2.325234,0.323253,1.589349,1.784723,-1.275967
étoilé,0.884094,-0.622203,1.25101,1.627396,0.066509
gaussien,-0.23761,1.279195,1.896265,2.609732,-1.61279
isométrique,-0.004188,1.078818,1.143333,2.297502,-1.490402
cyclotomique,0.17931,0.295164,2.13193,3.234555,-0.879327
normalisation,-1.243843,2.243022,0.905764,-0.128761,-0.27942
aléatoirement,-0.196874,1.427205,0.335447,1.192691,-1.072538
décagonal,0.451933,-0.917789,2.520596,2.935708,0.028576
observable,0.461523,1.186343,1.30403,0.913941,-1.921543
quinze,1.028446,0.677072,-0.642413,-1.519312,-0.269065
Kripke,-2.302943,-0.660303,1.062328,2.381073,-1.124763
similarité,-0.154428,0.704407,1.433787,1.069032,-1.874587
continûment,-0.366688,0.57514,2.724834,1.447899,-0.880922
quarante,0.989673,0.501648,-0.527396,-1.351516,-0.399868
minimisation,-1.744206,1.407058,1.819978,1.611129,-1.72563
Eisenstein,-1.490762,-1.104991,0.981861,0.960263,0.083709
réciprocité,-1.69281,0.744069,1.67248,0.366853,-1.140885
inductif,-0.877294,1.212429,1.960395,2.044794,-1.475887
énumérer,-0.07008,0.382397,1.048074,-0.129856,-0.818588
orthogonalité,-0.278892,0.609268,2.571169,1.871158,-1.246117
ellipsoïde,1.385656,0.623146,1.896974,2.59944,-0.468455
Fraenkel,-1.735613,-1.737645,2.298543,1.651489,0.036889
asymptote,0.324944,0.218991,2.299038,2.448318,-0.294534
asymptotiquement,-0.569545,1.606026,2.321538,2.266353,-1.140194
maximiser,-0.833726,2.137697,1.108399,0.625909,-2.166313
complétude,-1.890783,0.370749,2.352484,1.792683,-1.509631
jacobien,-1.049118,0.771033,2.143988,2.355148,-1.072429
propositionnel,-1.441647,0.825525,1.869613,2.47466,-1.775625
irrationalité,-0.872899,-0.143593,2.532217,1.698193,-1.335272
corréler,-0.194282,1.64593,1.517048,0.831702,-2.291692
cylindrique,3.29324,0.612241,1.011402,1.547373,-1.232383
trapèze,0.844648,-0.136986,1.182519,1.994581,-0.169126
losange,2.417472,-0.183698,0.925717,1.752576,-0.787672
cardinalité,-0.236459,0.60152,2.035745,2.107116,-0.906626
inéquation,-1.63189,1.276717,2.379299,2.097137,-0.210621
ensembliste,-1.670691,1.269084,2.299335,1.947365,-0.811326
parabolique,0.961538,1.402649,1.280772,2.189659,-0.582541
Pell,-1.130468,-1.267764,0.700521,1.501262,-0.033768
attracteur,-0.978343,0.241402,2.376382,2.140183,-0.893158
noethérien,-0.091107,1.170201,2.128826,2.610474,-0.942969
soustraire,-0.335695,0.571076,1.619778,-0.677667,-1.09007
treize,0.888554,0.356366,-0.762376,-1.235372,-0.310427
exponentiation,-1.330798,1.750146,2.000162,2.237991,-0.531634
Hermite,0.37126,-1.806231,1.726361,1.099596,-0.200454
atlas,0.601411,0.152897,-0.516372,0.512382,0.688613
convexité,-0.24849,0.742759,3.011883,1.442201,-0.349343
Weierstrass,-2.063594,-0.846545,1.751885,1.851715,-0.21405
Baire,-0.222555,0.300577,2.669192,2.458806,-0.203142
médiane,-0.536236,2.456875,2.284875,0.407872,1.559558
rhombique,0.320282,0.07109,2.704516,2.579699,0.793061
simplicial,0.240391,1.007689,2.029317,3.225721,-0.557697
Student,-2.150184,0.790339,-1.315086,0.929478,1.210998
maillage,0.911989,1.738764,2.028046,0.943988,-0.43504
Sobolev,-1.871066,-0.271159,1.91308,1.833381,-0.03704
transposition,-0.055071,0.432279,0.934097,1.097105,-1.295731
Zorn,-0.375015,-0.930136,0.112566,1.525259,0.14675
minorer,-0.636127,0.25749,1.78266,1.506907,-0.487791
circonférence,2.260046,1.287817,1.172124,1.281598,0.118201
Skolem,-1.835847,-0.694307,2.465897,2.034425,-0.24703
sommable,0.281944,-0.651497,2.453904,2.468184,-1.050063
encadrement,0.539108,0.87952,0.591718,-0.123007,-0.51292
involution,-0.69464,0.424398,1.408796,2.615996,-0.59739
sixième,0.36199,0.375279,-1.445642,-1.181762,0.32004
martingale,-1.210135,0.246591,1.997695,2.155424,-0.431819
circonscrit,0.584238,0.422193,2.516377,1.410241,-0.001279
isocèle,0.935865,0.181573,1.975322,2.599799,-0.241179
Schwarz,-0.657696,-1.692067,-0.000137,0.575134,0.612531
énumérable,-0.653492,-0.243516,2.200599,3.193728,-1.53338
médiatrice,-0.348674,-0.34573,2.230579,1.268729,0.027276
méromorphe,-0.26339,0.937921,2.930221,1.894036,0.004555
ultrafiltre,-0.231173,0.193525,1.28757,3.411053,-1.06878
connexité,-0.202538,0.714138,2.569845,2.275969,-0.696897
Karp,-1.880961,-1.195814,0.92942,1.735947,-0.298319
discontinuité,-0.240098,1.037567,1.954314,0.739561,-0.694009
existentiel,-1.087621,-0.435702,1.628045,0.7971,-2.359371
inconnue,-0.098973,-1.372625,0.618362,1.2041,-0.508653
résoluble,-1.331202,0.880696,1.082326,2.672199,-1.729494
arité,-0.90368,0.886343,1.662216,2.940108,-0.034904
homographie,0.43372,0.619134,2.6331,2.551886,-0.5772
ternaire,0.22827,0.854914,1.271434,2.373435,-1.153599
injectif,-0.557421,1.8497,1.143718,2.940352,-1.492926
irrégulier,1.71072,0.874365,1.032628,0.291094,-1.355473
septième,0.21191,0.402227,-1.403284,-1.020069,0.217059
Galton,-1.888824,-1.016387,1.509918,1.556299,0.084088
Lipschitz,-2.033326,-0.49084,2.254682,1.951693,-0.72946
monôme,-0.281652,1.086943,2.15623,2.026501,0.046623
proportionnalité,-0.80037,1.719684,2.48043,0.554931,-0.462663
rectangulaire,4.118646,0.541329,1.177441,0.534752,-1.110655
pyramidal,1.776652,0.51271,1.727832,1.121784,-0.430267
Zariski,-0.624252,-0.495982,1.635095,2.74378,-0.453776
acyclique,0.118579,0.385475,2.435715,2.513215,0.005109
dixième,0.105249,0.808426,-1.068193,-0.826386,0.335478
octogonal,3.683685,-0.250058,1.5791,0.835265,-0.467921
seize,0.914941,0.760378,-0.491663,-0.995635,-0.104701
lexicographique,-0.15532,0.612329,2.530308,1.581294,-0.257729
marginal,0.41058,0.788259,0.731928,0.169215,-1.429404
Fischer,-0.352898,-1.664479,-0.763385,0.127572,0.838298
bidimensionnel,0.510693,0.626352,1.613137,2.451596,-1.433243
conjugué,-0.116075,1.101849,1.740242,2.61396,-0.668745
isopérimétrique,-1.252863,0.824167,2.82301,2.304639,-0.540671
unaire,-0.68399,1.265386,1.838763,2.581901,-1.053199
Bruijn,-1.549446,-0.872576,2.047261,1.890183,0.806988
Cesàro,-1.424591,-0.410418,2.822947,2.313272,0.378227
déformer,0.96951,0.064903,1.098671,0.680745,-2.505155
encadrer,1.947241,0.629937,0.995313,-0.470836,-1.055056
polyédrique,0.298081,0.238194,2.447295,2.627934,-0.799407
Bézout,-0.923937,-0.494512,3.006241,1.679711,-0.562787
Goldbach,-0.991332,-0.680734,2.267204,1.420587,0.617902
holonomie,-0.875801,1.057812,2.230803,3.140563,-0.487552
colinéaire,-0.388714,1.722548,1.323547,2.316816,-0.646094
décroître,0.613227,1.864418,1.351707,0.389142,-1.033757
Carmichael,-2.105863,-1.315347,-0.589257,1.107987,-0.181337
factoriser,0.233382,0.68553,2.2168,2.236874,-0.202857
Navier,-1.21921,-0.290388,1.068123,2.371547,0.843702
sécante,0.332603,0.218309,2.751602,2.279036,-0.374599
Sturm,-0.645966,-1.097131,0.529898,0.359954,1.534023
tétraédrique,0.953415,0.572188,2.064693,2.482471,-0.656913
ennéagonal,1.285712,-0.812589,2.783172,3.225012,-0.442694
antiprisme,1.892628,-0.322785,2.087763,4.111496,-0.288423
birapport,-0.031163,1.03198,2.364651,2.825768,0.233569
dilatation,0.473879,1.519688,2.077495,1.468459,-1.816016
Diophante,-0.919771,-1.166278,2.90458,1.685707,-0.53122
Penrose,-1.290711,-1.343602,1.272286,2.009127,-0.484101
scinder,0.269391,1.029867,0.686207,-0.392099,0.311063
sommer,0.619323,-1.278598,0.155283,0.527094,0.248138
binôme,-0.579427,-1.105348,0.738088,-0.421452,0.019415
extrémal,-0.379841,0.321869,2.059873,2.454688,-1.320778
Bolzano,-0.365009,0.409607,1.078618,0.262977,2.248801
histogramme,-0.069113,1.369709,2.177179,1.166752,0.992087
impropre,0.609635,0.688661,1.939891,0.51729,-1.717493
cycloïde,0.697949,-0.561767,3.116953,2.185211,-0.284864
Fulkerson,-2.675112,-0.539564,1.076643,1.44176,0.507157
dichotomie,-0.709694,0.227931,1.706903,1.073807,-1.436076
Cramer,-0.707405,-1.945781,0.599227,0.592283,1.081865
octonion,-1.253862,0.554092,2.459702,2.715569,-0.468875
octaédrique,0.78313,0.576349,1.929189,2.549877,-0.313357
hilbertien,0.569243,0.635746,2.353545,3.076816,-0.663912
homologique,-0.557502,-0.218979,1.638286,3.236572,-1.465983
huitième,0.025405,0.76291,-1.389067,-1.131945,0.461207
préhilbertien,0.238298,1.21144,1.385224,3.576919,-1.458906
quadruplet,-0.451154,-0.07967,1.584588,2.566912,-0.197953
radian,-0.225102,0.52218,1.894202,2.27363,0.104583
torseur,-1.923982,1.934325,1.923134,2.465483,-1.240598
Grassmann,-1.344118,-0.856643,2.093619,1.842135,0.264995
Mascheroni,-1.525188,-1.449994,2.399728,1.594244,0.456762
Chomsky,-1.916796,-0.622582,0.676994,1.173677,-0.823906
hypersurface,0.18344,0.999731,1.360608,3.138478,-0.980606
Hölder,-1.474846,-0.783512,1.829897,1.992298,-0.043161
exponentiellement,-0.500516,1.542689,2.830263,1.25979,-0.941468
Hodge,-1.982436,-1.161891,0.338787,1.566242,-0.436638
périodicité,-0.264923,0.699966,0.749369,1.469625,-0.615244
Carathéodory,-1.288038,-0.957643,3.367603,1.335744,0.250203
dominant,0.728713,0.939361,1.006167,-0.133829,-1.210039
monotonie,-0.241619,-0.133665,2.110404,1.049216,-1.518159
Voronoï,-0.607786,-0.131064,2.901953,2.534527,0.606287
associativité,-1.501322,1.500755,2.633857,1.837387,0.071284
axiomatisation,-1.343747,-0.146923,2.284715,2.20718,-0.913639
codimension,0.264449,0.466626,1.516161,3.250257,-0.29265
ordonnée,0.526377,0.596583,2.710149,2.067698,0.224818
orthocentre,0.442208,1.386702,2.113302,2.772356,0.995937
Ackermann,-1.258643,-1.506631,0.888178,0.625331,0.870955
commutativité,-1.487716,1.502796,2.406985,1.953284,-0.440299
galoisien,0.230072,0.769374,1.985369,2.782384,-0.955863
quartile,-0.202054,0.881174,2.74281,1.823192,1.490713
indécidabilité,-2.713997,0.389138,2.203324,1.68799,-1.041473
percolation,-0.568828,0.460501,1.769819,2.240215,-0.448703
extremum,-1.381675,1.49088,2.762143,1.499148,0.093683
heptagonal,0.898585,-0.255092,2.327599,2.768036,0.368118
hexadécimal,0.690541,1.27496,1.534363,2.557417,0.121747
tangent,-0.408275,0.168374,2.17909,2.423792,-0.109992
hyperfonction,-0.829123,0.29644,2.082568,3.205216,-0.795271
hypoténuse,1.112678,0.674277,2.348335,3.058368,0.205188
Mordell,-0.702273,-1.082397,2.870028,1.60294,1.219872
neuvième,0.094269,0.636975,-1.12454,-0.714883,0.278045
covariant,-0.31239,1.45315,2.786118,2.790807,-0.163194
récursivité,-0.818586,0.5893,2.514474,2.092992,-0.726115
commuter,-0.473035,1.502682,0.831617,2.023605,-0.129406
Mazur,-1.363515,-1.506947,1.00502,1.688329,0.66092
orthonormé,-0.285157,0.87321,2.604549,2.504332,-0.307235
pentagramme,0.36798,-0.472885,2.337954,2.269014,-0.325188
variationnel,-1.878609,0.802465,2.866744,1.728137,-1.277626
paramétrisation,-0.39441,0.588369,2.469658,2.222199,-0.939254
sexagésimal,-0.201551,1.42332,2.669173,2.433079,0.193504
adjacent,1.228108,0.780113,0.938737,1.142954,0.839108
glouton,0.056186,-1.135363,1.367724,2.152167,-0.83624
tautologie,-1.02755,-0.078482,2.284852,1.948392,-1.280256
PSPACE,-1.901836,2.15606,1.174471,3.186202,-0.267078
coplanaire,-0.202846,0.689475,1.859568,2.164681,-0.712625
fini,-0.562349,-0.55462,1.31115,2.079443,-0.800936
hypergraphe,0.01717,0.315189,3.38133,2.585141,0.067441
involutif,-0.3765,0.352931,1.128149,3.694728,-1.486702
lemniscate,-0.115861,-0.944756,3.06375,2.551855,0.340405
préordre,-1.215559,0.860392,2.647395,2.137881,0.024803
fibration,-0.418386,-0.22836,3.045474,2.551614,0.191572
Büchi,-2.022689,-1.252691,2.380551,1.882617,-0.175596
Kruskal,-1.49926,-1.310377,1.962849,2.304404,0.356067
NL,-0.472234,0.263315,0.139167,1.546678,1.707898
affixe,-0.171712,0.431666,2.225374,1.974712,-0.918592
autoadjoint,-0.956315,1.211129,1.736115,3.067083,-1.276401
Bellman,-2.374677,-0.691049,1.151154,1.735875,0.330259
Descartes,-0.93238,-1.231513,1.649061,1.102748,-0.625742
isogonal,-0.32629,1.422341,2.009418,3.578999,-0.289533
quatorze,0.886319,0.649991,-0.587893,-1.21264,-0.268297
surjection,-0.718642,1.214165,2.140561,2.705441,-0.37843
discontinu,0.460353,0.950028,2.006497,1.380433,-0.727834
extrapolation,-1.176918,1.263133,1.417856,1.377207,-0.384283
Koch,-0.322661,-1.439786,-0.536924,0.310582,1.124145
tangence,-0.205206,0.076586,2.295794,1.980875,0.799124
transporter,1.391477,1.429127,0.233207,-0.461699,-0.50343
barycentrique,-0.503811,1.54195,2.232023,2.749263,0.447709
équerre,1.5032,-0.138814,1.877048,1.106199,-0.023017
additivité,-1.357256,1.035397,2.477064,2.047468,-0.448925
diédral,-0.902358,1.393164,1.77095,2.699947,0.432063
ovale,2.857273,0.246208,0.512161,1.370835,-0.817474
dodécaédrique,0.634173,0.083829,3.434724,3.155438,-0.275087
matroïde,-0.429635,-0.035274,2.763929,3.048374,-0.29549
rationalité,-1.258727,0.165369,1.383398,0.932318,-1.582405
billard,0.050117,-0.295772,0.158926,0.368505,0.497282
contractile,0.345007,0.905859,1.966336,2.503741,-1.025507
disjonctif,-1.521216,1.070911,2.860913,1.889377,-0.257085
transfinie,-1.13903,0.420566,2.638076,2.65822,-0.703135
commutation,-0.563519,2.024529,1.428307,1.426692,-0.992626
Herbrand,-2.24305,-1.388362,1.958303,1.483269,0.305559
Perron,0.965006,-1.882011,0.869228,0.139486,0.200458
commute,-1.02341,0.515816,1.541058,2.276612,-1.30214
$\epsilon$,-0.445267,0.519441,1.069626,2.159639,0.174957
équiprobable,-1.786309,1.110867,1.607815,2.030387,-1.466095
différentiabilité,-1.0421,0.306861,3.096293,2.223687,-0.107336
décidabilité,-2.106849,0.181848,2.46431,2.021577,-1.080194
dénombrer,0.992771,1.554572,0.633521,0.555179,1.81209
renormalisation,-2.232776,0.919553,2.024396,1.68721,-1.002361
rigidité,0.270052,1.397773,1.690215,0.897208,-1.910581
récurrent,-1.69139,-0.806543,-0.94389,0.740319,-1.50351
Syracuse,-1.182739,0.114103,0.446192,-0.121686,1.81152
transitivité,-1.05322,0.439581,2.671163,1.848285,-0.374768
multilinéaire,0.212499,1.110575,2.080856,3.407539,-0.919097
Cantelli,-1.790199,-1.017703,2.885293,1.973532,0.421531
multivarié,-1.709338,1.562734,1.657997,2.59811,-0.880808
nappe,1.912419,1.578477,1.779905,0.434504,-0.896174
Stokes,-1.292583,0.185695,2.11735,1.984203,-0.809599
$\aleph$,-1.008704,-0.258944,1.098144,1.879342,0.281244
sinusoïdal,-0.021824,1.644124,1.755121,2.087216,-1.963879
Burnside,-2.267082,-0.204395,1.30766,0.797951,0.394147
compagnon,0.131065,-1.179921,-0.404105,-1.401548,-1.051851
préfaisceau,-0.082178,1.774483,1.862256,3.5255,-0.309925
dièdre,0.746124,0.600562,2.318852,1.914895,0.06685
distributivité,-1.474655,1.913593,1.914363,2.324001,-0.131876
markovien,-2.819734,1.008031,3.064886,1.557647,-0.922803
autocorrélation,-1.84852,1.729523,2.05606,2.383736,-0.183564
extensionnalité,-1.04189,0.778063,2.489995,2.581931,-1.14974
paracompact,-0.689184,1.278512,1.482286,3.666438,-1.679299
sturmien,0.367532,-0.458206,2.595081,3.520066,-1.745676
cuboctaèdre,0.65673,-0.024812,2.336178,3.421057,0.058482
permuter,-0.277715,-0.12369,2.272822,1.271309,-0.569407
diagonalisable,-0.411304,1.592934,1.514296,3.31054,-1.378686
népérien,-1.327353,0.88799,2.929776,2.402841,-0.251183
hyperboloïde,-0.026283,0.138227,2.922937,2.046296,0.633893
paraboloïde,0.536891,-0.146235,3.203236,2.530318,-0.111067
$\zeta$,-1.365049,0.535052,2.762282,1.949917,-0.380159
centième,0.008984,1.181295,-0.525419,0.186897,0.888566
millième,0.160548,0.756382,0.726982,1.453055,1.004804
soixante,0.30569,0.492931,0.25217,-0.252453,0.330897
