word,1,2,3,4,5,6,7
un,-0.672596,2.44637,1.132033,-0.593239,-0.198247,4.18717,-1.193564
nombre,0.829715,3.084723,1.731697,-1.419325,0.324381,2.629424,-0.446189
$\mathbb{N}$,1.154173,2.131263,1.160624,-1.444885,0.42682,3.401477,-1.672787
deux,-0.167154,2.538854,1.243884,-1.784957,0.312655,3.406569,-1.064336
fonction,0.622157,1.882187,1.57508,0.582758,0.800563,3.342385,-2.497743
premier,0.328197,2.260921,1.494806,-1.273321,0.211672,3.288384,0.328955
ensemble,0.181787,2.069242,1.571072,-0.505409,0.844415,3.165443,-2.19435
point,0.052008,2.533293,1.699574,-1.353004,0.690721,2.60132,-1.800563
théorie,-0.736252,1.148534,1.385913,1.543487,0.398006,3.825131,-0.427554
exemple,0.539039,2.291809,1.206508,-0.458805,-0.055855,3.377942,-1.367804
espace,-0.856269,1.965507,2.259019,0.161841,1.480978,2.577771,-2.674052
théorème,-0.574507,0.245728,1.752008,0.884323,1.922563,3.174159,-1.865001
problème,0.093994,1.580421,0.778869,0.402846,-0.254389,3.404678,-0.938915
valeur,1.445116,2.445177,0.716503,-0.871807,-0.371782,3.165867,-1.95382
groupe,-1.016518,2.262194,2.159184,0.202535,1.018867,2.208589,-1.054934
graphe,-1.441331,2.77097,1.92996,-0.559131,0.578873,0.886967,-0.972217
forme,0.117849,2.289913,1.441397,0.008529,0.183394,2.808499,-1.63737
entier,1.410121,2.554614,1.698074,-1.069124,0.622273,2.506719,-1.328277
système,-0.357866,2.129359,0.490253,0.4531,-0.962491,3.301625,-0.807918
équation,-0.501858,1.282637,1.413787,0.429992,0.740919,2.881899,-1.629408
suite,0.759386,1.698828,1.366667,-0.497284,0.763455,2.600652,-1.465523
algorithme,0.747021,1.254114,0.296464,1.246878,-0.626318,2.948248,-1.054977
calcul,0.059056,1.719528,0.601065,0.597982,-0.613443,3.520388,-0.638517
application,0.683256,1.867885,1.824834,1.242527,0.355101,2.811647,-0.560313
élément,0.567816,2.534215,1.478897,-0.971121,0.363567,2.377165,-1.302932
grand,-0.752246,1.413823,0.521112,-1.315845,-0.068057,3.228792,-0.092738
propriété,0.182487,1.916342,1.241147,-0.11662,0.498224,2.94503,-2.107699
ordre,-0.248467,2.179904,1.474396,-0.769437,0.322629,2.405012,-0.579419
variable,1.400959,1.97662,0.554365,0.416784,-0.609513,2.923838,-1.743374
base,-0.113652,2.764602,1.355685,-0.445626,-0.248546,2.320967,-0.958258
géométrie,-1.810586,1.393142,1.756504,1.064654,0.573588,2.942112,-0.21806
analyse,-0.539191,1.316981,1.084853,1.548876,-0.333271,3.454653,-0.085158
loi,0.244843,1.316839,0.878204,0.963605,-0.006021,2.296432,-1.765137
définition,0.043136,1.705987,1.214164,0.209542,0.351309,3.126336,-1.898754
réel,0.682382,2.014178,1.525119,-0.058932,0.759939,2.900719,-2.486691
dimension,0.062803,2.404507,1.881074,-0.082203,0.663826,2.234585,-1.35429
statistique,-0.617117,1.305822,0.18645,1.066157,-1.175219,3.368723,1.173823
sommet,-0.052029,3.324075,1.40048,-2.525271,-0.06767,1.309038,-0.64872
logique,-0.113845,0.725856,0.811943,1.97056,-0.148697,3.162967,-0.618219
terme,0.626987,1.800464,0.506932,-0.503496,-0.337971,2.953404,-1.320715
trois,-0.276363,2.135824,1.139335,-1.734777,0.11036,2.80654,-0.160067
plan,-1.247197,2.320506,1.724468,-0.816208,0.517608,1.951989,-1.411057
formule,0.731302,1.128778,1.084813,0.542059,0.729835,2.683706,-1.95886
droite,-0.643625,1.840537,1.717845,-2.326774,1.287793,1.720395,-1.45539
$\mathbb{C}$,1.12266,2.112426,1.618323,-1.225575,0.925816,1.74052,-1.034286
solution,1.243848,1.333658,0.757,0.208987,0.152217,3.116606,-1.413584
modèle,-0.003828,1.283944,0.200413,1.02315,-0.691534,2.971864,-0.994706
linéaire,0.102672,2.040318,1.359304,1.349278,0.024439,2.748073,-1.934384
probabilité,0.496778,1.097169,0.361094,0.084707,-0.353153,2.993299,-1.173783
série,0.428442,1.445585,1.398201,0.44222,0.516532,2.441814,-0.451124
somme,1.023191,2.826578,1.503348,-1.034954,0.197958,1.9206,-1.077347
mesure,-0.298936,1.802047,0.741899,-0.122332,-0.302645,2.532589,-1.59171
carré,-0.028902,2.994978,1.270828,-1.489702,-0.105059,1.592539,-1.175816
vecteur,-0.540938,2.496318,1.465643,-0.747378,0.232264,1.448747,-2.430454
connexe,-0.776697,2.207193,1.933569,0.967945,0.320864,2.189271,0.011289
classe,0.293022,1.458132,1.317073,0.174764,0.542327,2.322636,-0.93412
produit,0.19131,2.717508,1.396534,-0.073719,0.094009,2.067268,-1.886534
égal,0.869513,2.664501,1.548413,-1.786182,0.548379,1.902368,-1.664409
cercle,-1.860634,1.884895,1.58351,-1.941502,1.246306,1.516964,-1.253911
partie,-0.074053,1.687688,1.195093,-0.736006,0.486146,2.880787,-0.459499
relation,0.411514,1.660365,1.166196,0.253205,0.417643,2.535006,-1.553614
courbe,-1.34251,1.433015,1.351428,-0.367099,0.861201,1.715249,-1.937733
différent,-0.064215,2.150101,0.309632,-0.809438,-0.843864,3.243152,-0.785799
complexe,-0.209163,1.80558,1.546656,0.544023,0.692356,2.638999,-1.812073
matrice,0.610064,2.607282,1.442652,0.559118,-0.013873,1.574908,-1.905861
domaine,-0.90111,1.463628,0.631158,0.266102,-0.61746,3.532737,-0.193618
fois,0.611692,1.578453,0.868036,-1.490293,0.196043,2.915806,-0.31227
type,0.596517,1.982924,0.948154,0.504577,-0.22163,2.566344,-1.129499
mot,-0.168942,2.11778,0.781065,-0.742193,-0.291144,1.882446,-1.392023
algébrique,-0.887951,1.541233,1.839244,0.836638,0.814832,2.841076,-0.993101
degré,0.806537,2.528113,1.407343,-1.46401,0.207883,1.470225,-0.393093
langage,-0.663649,1.562546,0.7539,1.373313,-0.516349,2.372772,-1.350525
nul,0.893701,1.901243,1.208894,-0.842828,0.696661,2.344475,-2.553516
moins,0.841933,1.471629,0.097153,-1.745019,-0.389916,3.020026,-0.958149
objet,-0.535054,1.773541,0.557738,-0.598576,-0.213808,2.754633,-1.204517
triangle,-1.408534,2.267331,1.687434,-1.729817,0.773794,0.851918,-0.991939
structure,0.046891,2.056367,1.263221,1.24313,-0.158554,2.264244,-0.841147
corps,-0.917139,1.635732,1.548929,-0.239762,0.829084,1.993388,-1.374403
rapport,0.029316,2.024099,0.959868,-0.90598,-0.066058,2.344778,-0.964194
longueur,-0.171648,2.70492,1.119522,-1.861323,-0.047433,1.524659,-1.354651
informatique,-1.219502,0.778937,0.377337,1.364659,-0.851376,3.416471,1.411887
infini,-0.184506,1.474397,1.031326,-0.682892,0.597581,2.418626,-1.870635
variété,-1.019878,1.647671,2.085938,0.730023,1.244009,1.710432,-2.016981
ligne,-0.093908,2.381376,1.345868,-0.821358,-0.038379,1.905498,0.461363
positif,1.489783,2.075736,1.011724,-0.503597,0.333997,2.087904,-2.182038
angle,-1.093527,2.450173,1.094543,-2.287824,0.364931,1.095742,-1.162518
polynôme,0.561934,1.704759,1.63084,0.3811,0.814312,1.508335,-1.996989
centre,-1.526673,1.836534,1.483853,-1.339009,0.548594,1.816845,0.484196
démonstration,0.290503,0.485836,0.602873,0.122661,0.538246,3.237859,-0.960945
vectoriel,-0.749449,2.182067,2.097409,0.679582,0.907577,1.763142,-2.448645
limite,0.481773,0.967812,0.928735,-0.220292,0.658523,2.692423,-2.064896
représentation,-0.464183,2.178581,1.030778,0.397487,-0.369144,2.094074,-1.258582
famille,-1.336154,0.802187,1.118417,-1.169489,1.022595,2.321325,-0.766763
arête,-0.196704,3.224911,1.076325,-2.325073,-0.227812,0.950933,-0.698359
distance,-0.317182,2.293551,1.010032,-0.896316,0.00974,1.285008,-1.506797
surface,-0.792406,2.043519,1.673708,0.368327,0.329508,1.324585,-1.0298
aléatoire,0.336588,1.707521,0.380839,0.623535,-0.663565,2.16845,-1.938068
naturel,0.458002,1.860519,0.893272,-0.401707,-0.185709,2.384634,-0.491157
normal,-0.728524,0.981253,1.435356,0.03184,0.72155,2.06376,-0.423836
arbre,-0.842003,2.607643,0.616732,-0.527246,-0.5561,1.019595,-1.261548
démontrer,0.607202,-0.271455,0.85801,-0.211416,1.441961,3.142036,-0.969774
algèbre,-1.106754,1.380015,1.739625,1.133806,0.936298,2.190077,-0.929618
règle,0.474412,1.210538,0.102136,-0.079237,-0.399397,2.411884,-1.486186
volume,0.797072,2.216092,1.862776,-0.000287,0.294482,1.452416,1.536249
calculer,0.825783,1.720623,0.232888,-0.505986,-0.517079,2.672805,-1.15173
constant,0.647809,1.554007,1.141973,-0.079769,0.544706,1.694667,-1.64423
quatre,-0.174159,2.172874,0.991218,-2.058935,0.085982,2.1452,0.318557
différentiel,-0.652507,1.26048,1.638253,1.263486,0.603623,2.502403,-1.071405
hypothèse,1.228139,0.22144,0.059005,0.276631,0.143466,3.156941,-1.947991
image,0.267951,2.077949,1.22802,0.077287,-0.103531,1.66248,-0.901406
régulier,-0.979699,2.909048,1.249053,-1.103327,0.068924,0.884313,-1.111999
complet,-0.060942,1.507063,1.286563,0.685933,0.343199,2.117699,-1.156545
racine,0.647975,2.217039,1.098866,-1.00296,0.165565,1.70036,-1.386926
coefficient,1.180231,2.198759,1.00903,0.21641,-0.159231,1.660443,-1.830137
côté,-0.92043,2.078432,1.059897,-2.878163,0.650793,1.417123,-0.841856
preuve,0.561484,0.379154,0.181666,0.802956,0.086187,3.295362,-0.90635
axiome,0.659775,0.09203,0.741799,0.217334,1.009752,2.47143,-1.961225
$\mathbb{R}$,1.420897,2.394028,1.667019,-0.85447,0.738086,1.02846,-0.94882
continue,0.448045,0.638281,1.338274,0.075323,1.385308,2.560706,-2.04402
résoudre,0.359961,0.450619,0.231421,0.251152,0.168627,3.06787,-1.04509
arithmétique,-0.012391,1.232892,0.927224,0.818875,0.062261,2.559419,-0.810661
conjecture,0.314286,0.007854,1.367672,0.838775,1.341248,1.967065,-0.671458
réseau,-0.711401,2.268407,0.401619,0.495334,-1.200365,1.821704,-0.675211
opération,0.365643,2.080872,0.351693,-0.203148,-0.694637,2.219832,-1.213738
chiffre,0.703541,2.884978,0.446344,-2.060176,-1.057558,1.757808,0.133696
expression,0.402549,1.502446,0.596906,0.045333,-0.341883,2.368066,-1.405584
propre,-0.117397,1.413051,0.822113,-0.328335,0.206696,2.419197,-1.263994
principal,-0.587768,1.494162,0.748469,0.03363,-0.34464,2.535367,0.069436
paramètre,1.165186,2.031455,0.596295,0.123803,-0.582238,2.047649,-2.025191
coordonnée,-0.906067,2.106763,1.159637,-0.89494,0.296916,1.034677,-2.015842
opérateur,0.104725,1.532801,1.328045,0.960204,0.385151,1.593253,-2.078741
numérique,-0.513424,1.513806,0.526978,1.229701,-1.06911,2.792998,-0.182163
unité,-0.431856,2.339112,0.799418,-1.137858,-0.36035,1.688604,-0.637045
liste,-0.134613,2.085529,0.893142,-0.314422,-0.497548,2.140238,0.512611
convexe,-1.203233,2.084494,1.500843,-0.139709,0.752089,1.00821,-2.138899
rationnel,0.205379,1.52337,1.131541,-0.122735,0.509784,1.985095,-1.976121
nœud,-0.370387,2.084389,0.554674,-1.921995,-0.285217,1.070185,-0.797851
$\mathbb{Q}$,2.475054,1.727724,1.491897,-0.654105,1.042269,0.86111,-1.561279
topologie,-0.893866,0.865154,1.675148,0.587611,1.343818,2.209974,-1.676755
origine,-1.522267,1.078829,0.781469,-0.910225,0.29795,2.510241,-0.207848
distribution,0.849091,1.59141,0.677321,0.961612,-0.347366,1.725139,-1.289906
intervalle,0.912725,1.764691,0.805095,-1.030115,0.363935,1.629088,-1.783444
compact,-0.121362,1.508342,2.093552,0.276326,1.529653,1.254771,-2.272903
reste,0.706864,0.840806,0.477535,-1.48924,0.471967,2.598738,-0.642978
test,1.31871,0.255273,-0.012298,1.29969,-0.438285,2.036147,-1.024451
proposition,1.063874,0.856353,0.27274,-0.411157,0.044262,2.385668,-1.029863
catégorie,-1.283656,1.67186,1.43069,0.246601,0.441706,1.131119,-1.441431
programme,0.322073,0.895942,-0.127767,0.385391,-0.973874,2.934702,0.260975
intégral,-0.311729,0.981189,1.252082,1.098323,0.601455,2.187443,-1.460221
complexité,0.435916,1.453973,0.45763,1.363862,-0.813268,2.339678,-1.050571
automate,-1.08361,1.412351,0.390902,0.815634,-0.470055,1.147292,-1.675374
moyenne,0.811891,1.999385,0.260946,-0.021363,-0.894594,1.91554,-1.359821
symbole,0.301237,2.128734,0.837362,-0.496689,-0.263505,1.492548,-0.985462
axe,-1.581257,2.084518,1.363816,-2.032531,0.630287,1.120125,-1.221713
euclidien,-1.026154,1.876452,1.6652,0.022014,0.882484,1.902708,-1.834497
inférieur,1.061829,1.878915,1.008246,-1.742786,0.479218,1.691112,-1.262773
dérivée,-0.175989,1.126643,1.025532,0.447457,0.483718,2.235586,-2.151652
transformation,-0.196091,1.568927,1.443271,0.852595,0.660983,1.713571,-1.492944
anneau,-0.367343,1.764766,1.778313,0.486022,0.854005,0.902011,-2.088527
facteur,1.048875,2.35296,0.369892,-0.321935,-0.945955,1.797506,-0.603013
indice,0.585778,1.944364,0.603337,-0.515714,-0.310183,1.148761,-1.120644
zéro,0.678372,1.90228,0.676357,-1.129879,0.049826,1.691606,-1.228591
sphère,-1.877092,1.883557,1.43324,-1.219631,0.77546,0.823278,-1.153793
strictement,1.203356,1.802952,1.057252,-1.280388,0.72745,1.775712,-2.406267
puissance,0.852261,2.142479,0.644752,-0.751742,-0.310062,1.640554,-1.076263
Euler,-0.236412,0.752594,1.337092,0.259334,0.892797,1.919665,-0.399228
topologique,-1.044086,1.608876,1.85284,0.655211,1.16283,1.915921,-2.310544
déduire,0.99591,0.597936,0.753122,-0.49592,0.855249,2.427962,-1.938621
composer,-0.072277,2.268168,0.937472,-0.944098,-0.343981,1.572414,-0.375824
deuxième,0.390988,1.372351,0.910803,-0.907634,0.120766,2.283318,0.295539
rayon,-0.807086,2.406254,1.54148,-2.383169,0.749628,0.582141,-1.336109
caractéristique,0.112207,2.099248,1.092774,0.087119,-0.164984,2.020836,-1.369757
vide,0.43745,1.532902,1.059347,-1.602731,0.807931,1.519838,-1.884567
affine,-0.672235,1.642923,1.991996,0.818932,1.18202,1.076165,-2.114437
supposer,0.995355,0.862277,0.405201,-0.722506,0.414412,2.411948,-2.10671
ouvert,-0.540647,1.215109,1.617194,-0.882124,1.434548,1.360149,-1.448352
partiel,0.034057,1.148964,1.074719,0.96902,0.177223,2.376569,-0.791328
approximation,1.124967,1.142869,0.62507,0.955138,-0.17587,2.199111,-1.035415
convergence,0.899335,0.744914,0.453577,0.62069,0.272519,2.124703,-2.08827
chemin,-0.174348,1.902215,0.397068,-1.353726,-0.218863,1.407187,-1.015542
rotation,-0.78895,2.311981,1.24511,-1.190116,0.178099,0.939381,-1.338729
différence,0.445541,1.657355,0.326499,-0.524585,-0.426115,2.20982,-1.206208
analytique,-0.963011,0.612648,1.155158,1.080657,0.500121,2.643308,-0.761872
formel,-0.308203,1.288917,0.707766,1.502218,-0.478943,2.668548,-1.034832
intersection,-0.324819,1.922211,1.799432,-1.043778,0.987246,0.93854,-1.249609
pourcent,1.837058,1.470412,-0.163369,-2.472121,-0.747908,1.284931,1.127147
caractère,0.333932,2.042977,0.467951,-0.264023,-0.708066,1.553327,-0.956817
raison,0.193019,0.545852,-0.128717,-0.665191,-0.30495,2.91366,-0.477487
aire,-1.257906,1.87652,1.05799,-1.87821,0.521765,1.122296,-0.852776
section,0.004294,1.74157,1.311491,0.110773,0.185866,1.585584,0.231325
cycle,0.17228,1.764229,0.931615,-0.771814,0.052475,1.426702,0.136202
source,-0.097899,1.431232,0.795468,0.489447,-0.266437,1.928615,0.730231
discret,0.568341,1.817335,1.285394,1.685955,-0.089327,1.936339,-0.790373
combinatoire,-1.323975,1.203074,1.111887,1.488325,-0.058056,2.385935,0.014383
dynamique,-1.154028,1.091089,0.482124,1.6241,-0.598199,2.386748,-0.538385
inverse,0.558983,1.660648,1.139553,0.628118,0.22729,1.683426,-1.635365
minimal,0.693843,2.596115,0.96049,-0.126265,-0.417569,1.203894,-1.092182
extension,0.301882,1.48703,1.290947,0.653237,0.288233,1.730071,-1.284448
arc,-0.903122,1.992928,1.070326,-1.249805,0.240162,0.726462,-1.488426
énoncé,0.816866,0.194574,0.441444,0.305079,0.588593,2.783717,-1.671197
parallèle,-1.325526,1.617827,1.014554,-1.480974,0.469779,1.476338,-1.138907
négatif,1.191195,1.426273,0.292106,-0.38811,-0.275902,1.801045,-1.866989
niveau,0.117183,1.365443,-0.231461,-0.725848,-1.114257,2.5204,0.062111
fraction,0.766875,1.832202,0.79627,0.005181,-0.026121,1.367772,-1.360011
segment,-0.545266,1.957163,0.987368,-2.092075,0.617761,0.885331,-1.424381
norme,0.644708,1.796173,1.4062,0.452538,0.435139,0.936407,-1.863875
local,0.128158,1.271938,0.747299,0.911778,-0.040857,1.789026,-1.130199
métrique,-0.961635,1.44709,1.366023,0.727648,0.733586,1.460301,-2.135184
symétrie,-1.277958,2.196547,1.146592,-0.806421,0.053683,0.818749,-1.152111
inégalité,0.562536,0.12261,0.546375,0.623338,0.806802,1.621679,-1.769999
chaîne,0.159467,2.000982,0.77252,-0.248163,-0.15752,1.224257,-1.144837
prouver,0.86216,-0.229829,0.561913,-0.062592,0.915331,2.792151,-1.168879
Gauss,-0.132883,0.033993,1.204713,0.735663,1.200287,1.912321,-0.710402
symétrique,-0.273766,2.132286,1.514723,0.079257,0.484737,1.034068,-1.871085
Riemann,0.412571,-0.103252,1.364103,1.033412,1.608567,2.112061,-1.187141
$\mathbb{Z}$,1.59555,1.375598,1.558865,-1.115909,1.251968,0.84845,-1.415897
polyèdre,-1.647245,2.695272,1.309962,-0.071674,-0.399687,0.208141,-0.402368
binaire,0.485408,3.008618,0.649399,0.109669,-1.275919,1.122944,-1.11771
demi,-1.404637,1.927545,1.420033,-1.648608,0.79893,1.037376,-1.086993
multiplication,0.793553,2.241901,0.760915,0.274745,-0.524296,1.200706,-1.116093
libre,-1.036811,1.652738,0.844322,-0.18342,-0.149243,1.371075,0.016738
identité,-0.161977,1.003048,1.160589,0.176922,0.78945,1.665611,-1.458311
Hilbert,-0.010877,0.146005,1.323066,0.833622,1.150678,1.927055,-0.455743
scalaire,-0.256566,2.203714,1.157243,0.433711,0.157995,1.178519,-2.612779
solide,-2.169679,2.528249,1.244557,-0.776725,-0.201914,0.708091,-0.035698
densité,0.725401,1.487171,0.25597,0.439416,-0.648993,1.679465,-1.989981
lemme,-0.036461,-0.089905,0.813469,0.825219,1.143507,1.518904,-1.56916
polynomial,1.323707,1.211291,0.853233,1.408987,0.031005,1.976998,-1.35712
cinq,-0.399166,1.701444,0.624225,-1.994072,-0.185318,1.835606,0.594184
exponentielle,0.312076,1.661126,0.657659,0.716533,-0.247043,1.767853,-1.895329
élémentaire,-0.404275,1.570281,0.751253,0.558356,-0.212161,2.258035,-0.804724
argument,0.522201,0.424768,0.15572,0.491661,-0.016404,2.017697,-1.152102
optimisation,-0.241915,0.973444,0.619472,1.945433,-0.477183,2.192309,-0.807247
Fourier,0.327135,0.614068,1.156963,1.667536,0.449555,1.653867,-0.749553
dériver,-0.577331,1.332265,0.933687,0.318478,0.176624,1.992444,-1.503917
module,0.346381,1.858761,1.673427,0.725363,0.580136,0.994519,-1.350057
maximal,0.590886,2.087508,0.967819,-0.232283,0.112392,0.992393,-1.552724
paire,0.587675,1.795125,0.521474,-1.470603,-0.017756,1.068751,-1.469919
uniforme,-0.36131,2.263714,1.224672,0.268968,-0.042003,0.852976,-1.763374
action,0.345266,1.196629,0.349767,0.130532,-0.518313,1.826628,-0.285778
total,0.631316,2.060583,0.178247,-0.992868,-0.752078,1.5285,-0.828942
polygone,-1.575453,2.275844,1.01444,-1.37437,0.178973,0.663096,-1.385373
division,0.264829,1.751548,0.794666,-0.716069,-0.329719,1.363901,0.215404
signe,0.473759,1.368023,0.158048,-1.187687,-0.197715,1.389353,-1.195736
troisième,0.086969,1.445514,0.904551,-1.30082,0.202628,1.976469,0.188642
composante,-0.475974,2.454733,0.86063,-0.556938,-0.489779,1.099635,-1.569425
paradoxe,-0.297023,-0.565441,0.063246,0.443618,0.418001,2.019154,-1.015327
égalité,0.882131,0.687403,0.478777,-0.683341,0.611253,2.205642,-1.594995
critère,1.254309,0.840844,-0.000157,0.04268,-0.528674,1.715968,-1.012205
orthogonal,-0.796852,2.170327,1.822129,-0.400971,0.868599,0.822921,-1.716283
moment,0.102285,1.319776,0.247084,-0.106012,-0.316624,1.743298,-1.040736
conséquence,0.54217,0.374581,0.063867,0.018013,0.087599,2.538096,-1.561369
orienter,-1.085649,2.212179,1.189168,-0.6919,0.237993,0.970948,-1.447181
courbure,-0.663979,1.413819,1.126811,0.24074,0.691066,1.164793,-2.052154
couple,0.323191,1.362329,1.08496,-1.603766,0.810206,1.380717,-1.170759
relatif,0.457207,1.411655,0.438473,0.030408,-0.488417,1.899544,-0.876969
morphisme,-0.546021,1.715762,1.476735,0.032102,0.918588,0.480543,-2.679202
central,-0.486234,1.250463,0.5414,-0.50443,-0.406898,2.005181,0.370242
observation,0.489108,1.074036,-0.178355,-0.502215,-0.829468,2.180261,-0.303801
fixe,-0.344401,1.200386,0.79093,-0.695732,0.502176,1.445568,-1.576348
raisonnement,0.662901,0.109139,-0.371025,0.846427,-0.769981,2.695205,-1.080979
cardinal,0.303003,0.626587,1.167354,-0.737671,1.271375,0.82778,-2.053546
quadratique,0.878705,1.609081,1.174318,1.242218,0.287016,1.561799,-1.883403
dual,-0.807334,2.441665,1.48328,0.52956,0.122013,0.811309,-1.656531
multiple,1.277173,1.960784,0.514802,-0.205345,-0.473766,1.501513,-0.609166
dénombrable,-0.381928,0.7889,1.329279,-0.695001,1.428095,1.429921,-2.672208
cube,-0.323857,2.709135,0.70753,-1.111153,-0.666539,0.418981,-0.30486
récurrence,1.844802,0.703544,0.554039,0.251268,0.419697,2.200688,-1.71255
ordonner,-0.22779,1.314216,0.974328,-0.911749,0.728762,1.145174,-1.970494
maximum,1.112969,1.665325,0.570155,0.083064,-0.41884,1.554135,-1.123645
variation,0.696535,0.977594,0.197208,0.570906,-0.46744,1.99503,-1.030303
pair,1.31756,2.132788,0.905289,-1.09437,-0.28846,1.561801,-0.414085
projection,-1.229583,1.901372,1.212784,-0.066888,0.050437,0.51645,-0.937221
ajouter,0.892202,1.426156,0.317804,-1.509524,-0.14381,1.955988,-0.873731
Fermat,0.028769,-0.028066,1.120481,-0.015071,1.391002,1.751373,-0.282947
fonctionnel,-0.615589,0.702497,0.924767,1.203891,0.362737,2.18349,-1.139958
intérieur,-1.325225,1.418659,0.667893,-1.368374,0.323252,1.373679,-1.185633
milieu,-1.156936,1.21504,0.661383,-1.507655,0.379692,1.398324,-0.362499
tendre,0.876728,1.053336,0.375192,-1.167503,0.34499,1.642026,-2.011878
expérience,-0.173889,0.358956,-0.592877,-0.00249,-0.813564,2.562551,-0.354036
voisinage,-0.264831,0.952309,1.186921,-1.043408,1.429694,1.410895,-2.348986
commutatif,-0.305279,1.948763,1.846228,0.884713,0.647364,1.113172,-1.31355
estimation,1.443259,1.108011,-0.077566,1.183476,-1.07831,2.15907,-0.813335
projectif,-0.884176,1.406908,1.824451,0.474906,1.321075,0.931756,-2.222759
quotient,0.391582,2.022955,1.498969,-0.239729,0.495917,0.915288,-1.081962
Newton,0.12809,-0.237069,0.588427,1.105564,0.393285,1.938635,-0.134771
dix,-0.020527,2.111063,0.283642,-2.561479,-0.733239,1.432269,1.038779
localement,-0.583331,0.962021,1.376118,-0.090237,1.41447,0.946173,-2.994328
borne,0.521569,0.686894,0.627829,-0.475663,0.608961,1.682812,-1.652273
exact,0.830699,1.397423,0.753116,0.147671,-0.197847,1.748756,-0.590924
six,-0.207254,1.885383,0.736825,-1.904169,-0.141381,1.505177,0.48189
impair,1.733825,2.293082,0.982254,-1.556876,0.222805,1.180402,-1.218403
équivalence,0.500688,0.958445,1.054908,0.273447,0.736665,1.477984,-2.01615
Cauchy,0.288203,-0.458109,1.136857,0.694302,1.720637,2.025845,-1.392876
échelle,0.162038,1.868912,0.000425,-0.193244,-0.957421,1.416065,-0.747352
rectangle,-1.05527,2.046888,1.023575,-1.931581,0.404938,0.791652,-1.128535
ordinal,0.265125,0.532139,0.961017,-0.296447,1.125834,0.785439,-2.06887
échantillon,1.303846,1.660324,-0.767938,-0.222745,-1.791402,1.92102,-1.269742
réciproque,0.336119,1.015224,1.059046,0.136992,0.76788,1.550569,-2.407309
minimum,0.938412,2.142474,0.504039,-0.644082,-0.552004,1.183374,-1.14784
engendrer,-1.166452,1.996278,1.437905,-0.261383,0.531778,0.798909,-1.831175
stable,0.919539,1.207865,0.820926,0.216251,-0.00554,1.265018,-1.777467
algorithmique,-0.753625,1.213135,0.214521,1.919719,-1.152122,2.51178,-0.44405
fibré,-1.312429,1.926841,1.834282,0.504385,0.964387,0.280314,-1.852057
universel,-0.545462,0.967074,0.415569,0.651713,-0.145541,1.787579,-0.692433
union,-1.043615,1.31849,0.858429,-0.632565,0.024435,1.450324,0.57215
diagramme,-0.899826,1.434161,0.642483,0.368283,-0.222109,0.569876,-1.106941
événement,0.409007,0.921178,-0.29322,-0.895573,-0.568965,1.707146,-1.07878
Turing,0.18991,0.131678,0.456867,1.270826,0.225849,1.780326,-0.392664
addition,0.571532,2.198981,0.657864,0.058664,-0.512098,1.061904,-1.154152
stratégie,0.753414,0.818146,-0.856033,-0.680835,-1.006005,1.846271,-0.745911
optimal,1.326732,1.309356,0.015891,0.602862,-0.74203,1.627945,-1.187772
variance,1.463893,1.74828,-0.12184,0.825199,-1.505138,1.302664,-1.577364
permutation,0.530573,1.888793,0.82626,-0.905108,0.011911,0.719109,-0.875772
disque,-1.139069,1.516013,1.015815,-1.572322,0.641713,0.700757,-1.339001
tenseur,-1.063505,1.771575,1.000096,0.677155,-0.097484,0.099268,-2.120447
hyperbolique,-1.601842,1.570446,1.613508,0.522835,0.768946,0.749568,-1.58443
décomposition,0.35864,1.744361,0.995063,0.472622,0.026583,0.900462,-1.303459
elliptique,-0.956458,1.15985,1.30707,0.870238,0.703926,1.220555,-1.270693
mesurer,-0.138455,1.480209,-0.197468,-0.708556,-0.998683,1.761678,-1.272345
rang,0.61372,1.695948,0.987507,-0.991647,0.29637,1.15404,-0.8141
Leibniz,-0.137364,-0.799864,0.117114,0.365441,0.382594,2.008904,0.156636
boule,-0.688058,1.699814,0.931607,-2.216562,0.737684,0.160472,-1.544067
branche,-0.901908,1.56275,0.634859,-0.12517,-0.379102,1.756278,-0.225753
partition,0.546287,2.079492,1.101213,-0.347869,-0.008124,0.649882,-1.266485
fermé,-0.73257,1.435913,1.768485,-0.932688,1.553676,0.948909,-2.614814
invariant,-0.047318,1.298036,1.257746,0.852035,0.459948,1.040833,-1.076948
diviser,0.699492,1.870175,0.352311,-1.357097,-0.386695,1.453064,-0.493567
diviseur,0.521506,2.319741,1.231101,-0.918951,0.369993,0.501074,-1.19867
Banach,-0.295097,-0.132,1.961236,1.375084,2.021284,1.316219,-1.172966
logarithme,0.546156,1.735967,0.662649,0.59473,-0.36229,0.840006,-0.90351
cent,-0.093972,2.578247,0.05999,-2.998318,-1.05511,0.482157,1.536401
décimal,0.619629,2.840866,0.350094,-0.658053,-1.535431,0.83468,0.035753
espérance,1.591971,1.285762,-0.048841,0.041363,-0.862108,1.684498,-0.875565
estimer,1.082612,0.89511,-0.453505,-0.04144,-0.969409,2.041845,-0.883129
périodique,-0.016085,1.631983,0.744377,0.481476,-0.325808,1.395228,-1.126998
harmonique,-0.613929,1.505152,1.151429,0.911932,0.196042,1.253892,-1.315406
déterministe,-0.372328,1.016918,-0.112533,0.92411,-0.581057,1.511162,-2.040705
intégrer,-0.354329,0.558383,0.352252,-0.167221,0.142966,2.053177,-0.336191
extérieur,-1.406038,1.482321,0.837424,-0.755771,0.327104,1.36627,-1.357225
interne,-0.784366,2.255723,1.204608,0.28876,-0.436302,1.042569,-0.339356
absolu,0.524789,1.289175,0.214622,-0.160142,-0.4208,1.328985,-1.684307
converge,1.549974,0.027437,0.412868,-0.053217,0.938377,1.626809,-3.099773
unitaire,-0.500072,1.988733,1.35586,-0.041651,0.510551,0.514295,-1.619294
multiplier,0.990261,1.729482,0.590156,-1.303023,-0.187295,1.208771,-0.509888
global,0.891184,1.092645,0.275862,1.399761,-0.657911,1.775187,-0.940345
modulo,2.491694,2.035868,1.353019,-0.635944,0.489598,0.563299,-1.105605
trivial,0.029691,1.577977,1.060694,-0.304418,0.623918,1.285626,-1.878271
abélien,-0.783745,1.948159,1.68435,0.416041,0.791539,0.789268,-1.721694
Bernoulli,-0.258979,0.216431,1.04847,0.425674,0.871313,1.397506,-0.261094
borné,-0.051525,0.925862,1.07708,0.128345,1.012022,1.285626,-2.803128
remarquable,-0.739226,1.208197,0.808993,0.329169,0.073404,2.163246,-0.486139
hauteur,-0.657324,1.978891,0.637925,-1.562308,0.083282,0.442645,-1.106258
supplémentaire,0.405036,1.289366,0.214884,-0.495422,-0.248937,1.919756,-1.083935
Pascal,-0.798189,0.068214,0.677583,0.044666,0.708674,1.147494,0.243382
NP,1.439732,0.468122,0.561193,1.228301,0.353132,1.334542,-1.414867
univers,-0.276705,0.652814,0.390136,-0.109717,0.100118,1.620795,-1.085935
cartésien,-1.129448,1.634484,1.146126,-0.55035,0.335778,0.903096,-1.394626
sept,-0.583124,1.410749,0.364416,-2.206843,-0.045964,0.870742,1.084653
noyau,0.317518,1.321134,0.784017,0.88341,-0.031393,0.87223,-1.593758
canonique,-0.229689,1.866383,1.436977,0.600905,0.414833,0.823653,-1.778819
isomorphe,-0.855705,1.710048,1.965515,-0.514023,1.38849,0.504944,-1.652747
évaluation,0.689248,1.143108,-0.471164,0.328596,-1.377707,2.147855,-0.506993
intégration,-0.377807,0.679419,0.711674,1.057063,0.141499,1.781993,-1.042228
combinaison,0.496254,1.91308,0.544987,-0.232807,-0.293318,1.356916,-1.50606
précision,1.24073,1.12067,-0.810044,-0.543294,-1.316208,1.873562,-0.71961
spécial,-0.634921,1.139807,0.947642,0.05636,0.059118,1.457845,0.256289
isomorphisme,-0.544263,1.372261,1.610755,0.260312,1.236693,1.118351,-2.405755
idéal,-0.480938,1.738474,1.110349,-0.180044,0.506354,0.60531,-1.462713
complémentaire,-0.050861,1.271967,1.305194,0.002998,0.757161,1.072901,-0.955668
riemannien,-1.45964,1.699008,1.647733,1.217094,0.589829,0.776865,-1.668139
Dirichlet,0.573805,-0.037721,0.988508,1.253758,0.964893,1.57719,-1.121192
Gödel,0.163906,-1.013957,0.77664,1.647392,0.951245,2.128707,0.227768
Neumann,-0.033467,-0.907156,1.096372,0.806951,1.442349,1.924567,0.309897
transformée,0.107668,0.361055,0.868887,1.851732,0.644548,1.155088,-1.916485
régression,-0.073519,1.610414,0.28144,2.252599,-1.064458,1.35371,-1.582521
infinité,0.667298,1.058734,0.42571,-1.518516,0.372945,1.543511,-1.515277
Cantor,0.266891,-0.460809,0.961825,0.157498,1.451114,1.25534,-0.751616
modélisation,-1.079071,0.86986,-0.464045,1.474579,-1.439418,2.218212,-0.045932
tracer,-1.066481,1.568178,0.80769,-1.725076,0.251717,0.831086,-1.052804
cône,-1.742586,1.623323,1.063278,-0.303684,0.418381,0.318812,-1.905229
cubique,-0.483312,2.323228,1.278099,-0.054529,-0.02862,0.091554,-1.178671
simplifier,0.527294,0.491087,-0.027294,0.191944,-0.180608,2.336059,-1.295369
composition,-0.096036,1.617913,0.912896,0.449204,0.001335,0.891246,-0.955001
triangulaire,-0.890994,2.874302,1.445097,-1.497455,-0.069413,-0.341345,-0.890087
Poincaré,-0.645979,0.053479,1.327776,1.063153,1.067581,1.316692,-0.264313
réflexion,-1.298103,1.404709,0.591668,-0.924613,-0.023009,0.989254,-0.532239
huit,-0.069366,2.02082,0.405713,-2.420032,-0.573762,1.280694,0.714629
stochastique,-0.67949,0.664859,0.381891,2.092253,-0.371482,1.680439,-1.07875
coloration,0.914382,2.686273,0.480871,-0.905875,-0.854392,0.194725,-1.081833
diamètre,-0.92619,1.895173,0.997309,-1.972071,0.18844,0.340964,-0.972661
négation,1.672679,0.315604,-0.107577,0.833717,-0.364278,1.543029,-1.375452
réduction,1.040452,1.116744,0.325838,0.856374,-0.267823,1.356395,-1.286344
Markov,0.064276,0.760625,0.739045,1.415661,0.196947,0.791946,-0.851997
conique,-2.071012,1.482128,1.454926,-0.090478,0.593988,0.793017,-1.049507
probabiliste,-1.395361,0.632839,0.245054,1.233268,-0.459344,2.366859,-0.029685
sphérique,-2.485287,2.066804,1.052137,-0.090956,-0.119129,0.420253,-0.991116
tangente,-1.445911,1.049792,1.137338,-1.413985,0.8793,0.885704,-1.566038
dérivable,0.669731,-0.180293,0.873644,-0.969023,1.728924,1.38624,-2.982427
adjoint,-1.008124,0.525363,1.15166,0.05262,0.755143,1.500417,0.227163
bijection,0.462048,0.600092,1.360838,0.027209,1.484682,1.033551,-2.288842
estimateur,1.847416,0.75478,-0.629829,1.25899,-1.172354,1.393698,-1.715299
compter,0.193811,1.289002,0.062934,-1.572076,-0.376713,1.368956,-0.270694
homogène,-0.473939,1.618366,1.035618,0.522165,0.229288,0.944313,-1.805623
neuf,-0.180989,1.820291,0.250434,-2.351816,-0.737666,1.109047,1.002439
Laplace,-0.271412,-0.206701,0.815899,1.313453,0.823171,1.428368,-0.987591
support,0.02179,0.979161,0.817085,0.673844,0.134455,0.89581,-1.651354
évaluer,0.970328,0.817575,-0.557148,-0.224085,-0.931246,2.141269,-0.747398
Fibonacci,0.639242,1.370173,0.72727,0.383749,-0.100765,0.538204,-0.423985
étoile,-1.014776,1.40503,0.417299,-0.879774,-0.245352,0.60516,-0.66134
récursif,0.555345,0.992905,0.137572,0.855803,-0.194401,1.599176,-1.872824
priver,-0.825791,0.691882,-0.054661,-1.441101,-0.178124,1.461322,0.469247
vingt,-0.111876,1.888514,0.246081,-2.492807,-0.608629,1.003782,1.164687
trigonométrique,-0.720886,1.614658,1.067059,0.439317,0.151065,1.334929,-1.38962
moitié,-0.539466,1.341965,0.448057,-2.129573,0.057298,1.13161,-0.183971
trace,0.258717,1.105705,0.796596,0.210458,0.295688,0.968402,-0.843308
faisceau,-1.683532,1.280422,1.375449,0.267961,0.878873,0.108777,-2.018663
irréductible,0.351769,2.064994,1.272489,-0.173406,0.534179,0.448607,-2.099895
intégrale,0.16698,-0.143107,0.659422,0.795001,0.976779,1.27756,-2.377693
corrélation,0.670231,1.55225,0.105059,0.764909,-0.855685,1.045946,-1.390567
pôle,-1.051791,1.37755,0.619116,-1.241324,0.283098,0.494843,-1.22327
Poisson,0.118439,0.572847,0.717109,1.322406,0.135585,0.778239,-1.082884
proportionnel,-0.307186,1.756286,-0.511971,-1.269491,-1.382041,1.046001,-1.021564
Lebesgue,-0.513521,-0.25881,1.187095,1.096644,1.755958,1.263359,-1.949258
générateur,-0.361423,1.836297,0.843774,0.378227,-0.235304,0.977205,-1.392569
flot,-0.371566,1.54497,0.169363,0.647341,-0.716841,0.588841,-1.118191
Lagrange,0.088705,-0.30245,0.857673,0.704341,0.980835,1.535768,-0.496996
Viète,-0.78549,-0.737284,0.431381,-0.188132,0.888073,1.597055,0.152631
centrer,-0.553637,2.426872,0.988141,-0.536596,-0.489279,0.149475,-1.339823
croissance,0.314221,1.232991,-0.518366,0.43364,-1.355374,1.330928,-0.787054
modulaire,-0.077534,1.006645,1.148338,1.124235,0.453092,1.027446,-1.32927
fractal,-0.572691,1.373294,0.695292,1.494446,-0.46855,0.612916,-0.298268
grammaire,-1.653392,1.756531,0.644086,0.73116,-0.322806,0.38838,-1.719894
prédicat,0.979287,1.311991,0.204092,1.16606,-0.573634,1.301398,-1.59211
Russell,0.305481,-1.002292,0.352452,0.608606,0.912193,1.793885,0.133438
polaire,-1.153211,1.818649,1.161844,-0.452707,0.295955,0.396687,-1.356235
asymptotique,0.159615,0.860541,0.174113,0.942188,-0.397869,1.989835,-1.732072
diagonale,-0.635576,1.708959,0.464434,-2.424157,0.249627,0.43535,-0.850812
translation,0.096101,1.750975,1.344519,0.175771,0.291735,0.309578,-0.636753
continuité,0.128042,0.380663,0.737129,0.666523,0.767226,1.386926,-2.34942
pavage,-1.428576,2.198426,0.936605,-0.571434,-0.330309,-0.141684,-0.727731
ellipse,-1.196518,1.462543,1.504961,-0.667925,0.731421,0.629949,0.163906
restriction,0.263637,0.612647,0.711874,-0.126173,0.692427,1.045168,-1.95332
filtre,-0.892919,0.88155,0.338643,0.795253,0.066588,0.234151,-1.846658
différentiable,-0.382151,0.408217,1.114058,0.342109,1.140916,0.967135,-2.134725
holomorphe,-0.475029,0.682508,1.246494,0.595261,1.13382,1.068296,-2.196856
strict,0.695093,0.826548,0.550273,0.066472,0.290967,0.81275,-2.188593
circulaire,-1.327348,1.880122,0.451866,-0.491281,-0.569427,0.453348,-1.087677
automorphisme,-1.152554,1.877809,1.418708,-0.213977,0.662646,0.418824,-1.785381
interpolation,0.354731,1.120746,0.743969,1.661323,-0.246168,0.876592,-1.427531
singulier,-0.52415,1.260311,0.759009,0.273789,0.262429,0.997627,-1.59664
mesurable,-0.077018,0.635575,0.78412,0.170119,0.927034,1.032674,-3.023341
imaginaire,-0.324573,1.652738,0.85543,-0.320612,0.082682,0.835766,-1.20613
polytope,-0.443782,2.097005,1.250417,0.622879,-0.267099,-0.335862,-0.286075
gradient,0.128492,0.892594,0.65004,1.20323,-0.049942,0.488701,-1.936763
hamiltonien,-1.099696,1.522017,0.729965,0.329121,-0.220637,0.581043,-1.49161
restreindre,-0.354332,0.976245,0.546091,0.281757,0.186517,1.676625,-1.244473
divisible,2.049528,1.790676,0.797302,-1.868593,0.514868,0.623362,-0.522287
isométrie,-1.224985,1.857933,1.225174,-0.000209,0.45613,0.385614,-1.970201
Ramanujan,-0.187576,0.112038,0.732937,0.58839,0.531522,0.922721,0.331194
stabilité,0.053313,0.106959,-0.200046,1.309508,-0.337159,1.495353,-1.681451
irrationnel,0.469738,0.895445,0.562699,-0.049908,0.535858,1.020117,-1.724879
intégrable,0.332912,0.127946,0.785366,0.919403,1.030333,1.303945,-3.02444
symplectique,-1.504882,0.985146,1.469331,1.390637,0.849832,0.502878,-1.202231
binomial,0.755805,1.581193,0.767037,0.981208,-0.445447,0.960332,-1.767076
factorielle,0.858714,1.770208,0.555404,0.687543,-0.647788,0.711924,-1.034851
planaire,-1.029034,1.93447,0.933044,-0.570937,0.192974,0.106656,-1.630736
homologie,-0.90884,1.574665,1.442862,0.909311,0.633343,0.160316,-1.343315
largeur,-0.333512,2.343695,0.725543,-0.771615,-0.521405,-0.087419,-1.124668
compas,-1.375127,1.234191,0.036335,-0.436688,-0.377763,0.527895,-0.995727
foncteur,-1.645557,1.49873,0.929965,-1.048665,0.533962,-0.651028,-1.759843
Taylor,0.432249,-0.41878,1.356251,1.100333,1.605712,1.10858,-0.232676
factorisation,0.627279,1.426326,0.522675,1.16289,-0.395411,0.800179,-1.085578
Euclide,-0.726079,0.531651,0.637885,-0.365215,0.408822,1.144164,-0.021636
perpendiculaire,-1.793804,1.271586,1.312161,-2.572131,1.156979,0.384767,-0.95553
croissant,0.980929,0.845499,0.385086,-0.642797,0.357524,0.79151,-1.630164
corde,-1.887951,0.740003,0.313092,-1.540976,0.46057,0.591069,-1.114409
abscisse,-0.562592,1.155686,0.8949,-1.518951,0.82809,0.400221,-2.031838
cyclique,0.145361,2.300306,1.060735,0.001244,-0.13801,0.246594,-1.427985
Lie,-1.045212,1.496815,1.76106,1.635714,0.681493,0.701259,-1.21743
interaction,-0.301569,1.027136,-0.324203,1.175135,-1.232555,1.308392,-0.424092
Archimède,-1.667727,1.092891,0.410579,-0.498863,-0.17699,0.781421,-0.332694
quatrième,0.063078,1.311751,0.498892,-1.044022,-0.213438,1.010739,0.432556
inférence,0.193874,0.010399,-0.401358,1.71004,-0.6734,1.95808,-1.429587
Borel,-1.116063,-0.105573,1.250159,0.453865,1.410944,0.867655,-0.704487
convergent,1.002903,-0.000971,0.110255,0.228458,0.514503,1.231324,-2.843938
spectre,-0.394269,1.550412,0.725579,0.862414,-0.361997,0.575303,-1.379453
déduction,1.321591,-0.009598,-0.140371,1.607287,-0.165986,1.868559,-1.595942
spectral,0.646683,1.411626,0.933081,1.969979,-0.31513,0.906076,-0.693949
implication,1.867453,0.185053,-0.142853,0.674247,-0.054062,1.418776,-1.285329
décroissant,1.391888,0.922548,0.516229,-0.346223,0.39485,0.643743,-2.099608
triplet,0.484678,1.589688,0.807849,-1.12231,0.518079,0.471012,-0.997877
génératrice,-0.219687,1.510969,0.88317,0.601542,0.005472,0.837512,-1.704679
Pythagore,-0.941414,0.211389,0.395779,-0.554315,0.470933,0.884522,-0.36114
équivalent,-0.158082,0.271457,0.202331,-0.184468,0.284788,1.447964,-1.454727
million,1.131028,1.429092,-0.194833,-2.255696,-0.743093,0.553599,1.196739
singularité,-0.911447,0.572449,0.276243,0.069337,0.122552,0.97796,-1.35866
endomorphisme,0.217146,1.191812,1.514868,1.183154,0.880608,0.131673,-2.498283
indépendant,0.468052,0.9021,-0.164609,0.051487,-0.503744,1.27551,-1.558923
tore,-0.972123,1.510264,1.399647,-0.499427,0.954838,-0.055588,-1.216881
significatif,0.784384,0.630977,-0.758533,-0.577679,-1.109104,2.190073,-0.511871
semblable,-0.681845,0.841129,-0.043088,-1.12736,-0.117055,1.144422,-1.32537
sinus,-1.412906,1.489831,1.104683,0.197509,0.445423,-0.012736,-1.737672
dérivation,-0.298193,1.495269,0.578196,0.66549,-0.307761,1.206814,-1.516266
tribu,-1.436828,1.393041,0.840366,-0.048878,0.210745,-0.17633,-1.92327
uniformément,0.66714,0.087222,0.253795,-0.070584,0.928423,0.952567,-3.10362
Boole,-0.37233,0.0715,1.355444,0.994959,1.46784,0.402964,-1.022469
lisse,-0.576402,1.331062,1.250181,0.575807,0.60699,0.692415,-1.925084
booléen,0.715148,1.45769,0.351387,1.328459,-0.358659,1.144976,-1.707335
infinitésimal,-0.670539,0.659402,0.457151,0.43788,-0.043833,1.156671,-0.634647
cohomologie,-1.085104,1.213869,1.51095,1.74931,0.759526,-0.198458,-1.567292
Legendre,-0.276872,-0.437226,0.964026,0.166368,1.487561,0.826773,-0.628517
pondérer,0.002948,2.001782,0.130431,0.249092,-1.035375,0.683021,-1.459102
médian,-0.357779,1.971953,0.143918,-0.920373,-0.908062,0.504353,-0.633105
multiplicatif,0.484021,1.853692,1.074277,0.478936,0.165576,0.237652,-1.92794
Peano,-0.244909,-0.342572,0.653778,0.782539,0.856895,0.928391,-0.612348
quadrature,-0.817582,0.837052,0.40342,0.386201,-0.013887,0.704495,-0.924527
résidu,1.259478,1.330046,0.477598,0.321579,-0.150337,0.669093,-1.618867
stationnaire,0.588329,1.159203,0.123107,1.153095,-0.779501,1.264239,-1.781727
homotopie,-0.641256,0.650861,1.270944,0.368411,0.970777,0.552361,-1.671303
entropie,-0.184371,1.322366,0.211278,1.276376,-0.616354,0.396964,-1.245918
logarithmique,-0.426113,1.709953,0.418189,0.705755,-0.585245,0.659965,-1.637823
clique,0.067086,2.183811,0.261546,-0.277161,-0.766252,0.116535,-1.241045
dualité,-0.719695,0.67219,0.833694,0.881803,0.516185,0.800255,-1.653067
dense,-0.16433,0.750169,1.081753,-0.666857,1.244533,0.850515,-1.900841
monoïde,-2.227999,2.040217,1.152238,0.168208,0.099885,0.008147,-2.263881
orbite,-1.321238,0.94818,0.236486,-0.545201,-0.052575,0.275777,-1.35276
axiomatique,-0.656067,0.120077,0.194803,1.582347,-0.040175,2.265179,-1.191082
transitif,-0.605578,1.777164,1.195764,-0.322567,0.329461,-0.066802,-2.007156
Abel,-0.255369,-0.746374,0.338119,1.322439,0.568657,1.289922,0.087111
bilinéaire,0.222952,1.570086,1.788476,1.581193,0.925132,0.018307,-2.440818
paramétrer,-0.750979,1.436421,0.609394,0.226742,-0.075323,0.601608,-2.189279
cylindre,-2.125915,1.814453,1.027179,-0.708129,0.314111,-0.081114,-0.816538
centré,-0.87492,3.324005,1.435874,-1.597592,-0.449669,-0.817932,-0.506231
mille,-0.151503,2.290077,0.072811,-2.940735,-0.918517,-0.024444,0.916629
normer,-0.482545,1.199968,1.858498,0.941917,1.442856,0.700123,-2.472145
inversion,-0.442792,1.09086,0.716741,0.412655,0.135681,0.531301,-1.193042
quadrilatère,-1.892066,1.322666,0.912236,-1.525207,0.728505,-0.403547,-1.659922
trigonométrie,-1.82714,1.293805,1.024881,1.302908,-0.058756,0.899393,-0.770464
dénominateur,0.827208,1.659146,0.121891,-1.058045,-0.364804,0.602739,-1.09912
indépendance,-0.136937,0.022166,-0.481637,0.416909,-0.488653,1.853217,-1.111864
Noether,-0.590155,-1.160856,0.314714,0.838302,0.841,1.573713,0.80128
régularité,-0.223942,0.038202,0.097561,0.420199,0.335995,1.593013,-1.928365
périmètre,-0.970584,1.603209,0.715902,-1.796735,0.157036,0.549696,-0.801282
parabole,-1.79864,1.144365,1.061512,-1.281243,0.753977,-0.049182,-1.377579
monotone,1.2387,0.354378,0.881878,1.073657,0.77329,0.636764,-2.09072
Hausdorff,-0.439143,0.003036,1.135033,0.484669,1.059705,0.529754,-0.656156
plongement,-0.750765,1.020958,1.035614,0.144857,0.791221,0.262581,-1.965426
converger,1.377813,-0.012529,-0.048782,-0.425497,0.72524,1.4684,-2.781418
pyramide,-1.606435,2.147135,0.482899,-1.591244,-0.468457,-0.149226,-0.417852
Grothendieck,-0.89457,-0.206619,1.088764,1.144297,1.082184,0.815884,-0.159698
neutre,0.148737,1.524499,0.677282,-0.568502,0.190967,0.12917,-1.401527
diverger,0.797002,0.155434,0.252413,0.419793,0.401274,1.102487,-1.632877
matriciel,0.202849,1.663476,0.579748,1.142336,-0.540165,1.260322,-1.574577
symbolique,-0.739642,0.996876,-0.093399,1.044988,-0.992522,1.39002,-0.607636
tiers,0.345993,0.715472,-0.02021,-0.995141,-0.217441,1.236901,-0.4918
quaternion,-0.370849,1.251356,1.282111,0.493129,0.578188,-0.212151,-1.119705
inversible,0.241924,1.667176,1.364471,-0.203368,0.856792,0.207612,-2.369457
transcendant,-0.179066,-0.00378,0.874799,0.456844,1.221522,1.210341,-1.485497
excentricité,-0.523139,2.570876,1.144703,-1.214974,-0.092428,-0.808442,-0.612389
Jacobi,-0.205058,-0.476797,0.9639,1.042498,1.359026,0.916361,-0.989094
divergence,-0.52592,0.872994,0.472731,0.838118,0.014435,0.139213,-1.759918
projeter,-1.280795,1.023638,0.868543,-1.176976,0.676475,0.307917,-1.168275
tétraèdre,-1.241665,2.842384,0.701658,-1.230308,-1.000303,-0.32645,-0.27029
Kolmogorov,-0.152727,-0.409057,0.409656,1.064181,0.498079,1.162747,-0.462193
Hamilton,0.023632,-0.78716,0.898594,0.583576,1.285439,1.141169,-0.11541
hexagonal,-1.557401,3.062989,1.05097,-0.815965,-0.648286,-1.002644,-0.723261
séparation,0.34436,0.166536,0.236429,0.181771,0.389248,0.802644,-1.891551
douze,-0.596992,1.83577,0.324622,-2.515402,-0.418106,0.306881,0.774979
cosinus,-1.448859,1.320267,1.178558,0.415498,0.448313,0.180511,-1.466506
terminal,-0.238348,1.379661,0.162936,-0.723076,-0.510311,0.446966,-1.173877
tensoriel,-0.98531,1.906056,0.73537,0.880237,-0.28503,0.573402,-1.39317
treillis,-0.916903,0.924653,1.231226,0.38814,1.008727,0.01102,-1.573402
cinquième,-0.239611,1.079395,0.440947,-1.065852,-0.026234,0.709317,0.46871
profondeur,-0.225022,1.674426,-0.109474,-0.2812,-0.978623,0.640897,-0.488404
dodécaèdre,-2.437931,2.910682,0.432998,-0.866718,-1.564865,-0.016082,0.309486
Hadamard,-0.983326,-0.019593,1.076598,0.796313,1.074576,0.809987,-0.261597
Nash,0.754025,-0.990399,-0.145949,0.85191,0.670207,0.842609,-0.483512
Cartan,-1.591429,-0.263853,1.38855,1.106622,1.403087,0.607019,0.187015
adhérence,-0.897936,0.927288,1.336851,-1.095121,1.711967,0.549623,-2.066312
hyperbole,-2.006103,0.905818,1.202478,-1.382374,1.347475,-0.170477,-1.421565
convolution,0.508519,1.371866,0.467754,1.228023,-0.261144,0.368821,-1.762238
covariance,0.794435,1.531823,0.001307,1.11213,-0.950358,0.267284,-1.718744
soustraction,1.175484,1.735692,-0.097262,-0.05896,-0.993067,0.78281,-0.529365
constructible,-0.865262,0.932404,0.702712,-0.495488,0.670823,0.361131,-1.669699
décimale,1.17558,1.296653,-0.160531,-1.282682,-0.671087,0.67579,0.324062
congruence,0.752955,1.108961,0.858182,0.377784,0.455624,0.409834,-1.175499
séparable,-0.677095,0.267369,1.243538,0.162851,1.603997,0.36923,-2.753879
prolongement,-0.119896,0.249294,0.90826,0.435054,1.048221,0.952805,-1.757198
induction,1.294524,-0.44114,-0.082427,1.335909,0.079652,1.438326,-0.971867
Schwartz,-1.825694,-0.247977,1.224794,0.318756,1.25801,0.870968,0.276248
cryptographie,-1.268261,0.743498,-0.037004,1.426469,-1.01782,1.219222,-0.473467
similitude,-0.682441,1.539163,1.121745,-0.019787,0.258981,0.136795,-1.509844
Minkowski,-0.2525,0.225194,0.98537,1.044883,0.924337,0.487088,-1.009863
ZFC,0.729862,-1.075214,0.278958,1.190903,1.248151,1.56145,-2.446098
Catalan,-1.494635,0.782053,1.313084,0.42043,0.657443,0.120674,0.323625
hyperplan,-1.373142,1.197841,0.942583,-0.978076,0.794374,-0.236306,-1.842077
radical,-1.17496,0.806339,0.175087,-0.362535,-0.171161,0.402325,-1.013767
intuitionniste,0.980022,-0.320132,-0.312161,1.895813,-0.232571,1.672965,-1.130494
singleton,-0.14048,1.131471,1.293803,-1.077859,1.061693,-0.008602,-1.543816
biparti,-1.079405,1.961706,1.261399,-0.062969,0.331871,-0.488199,-1.75228
Bell,0.164026,0.092144,0.812125,0.36435,0.523767,0.650462,0.730987
pentagone,-1.594266,2.157582,0.466126,-1.960862,-0.37776,-0.192547,-0.7198
homothétie,-0.846229,1.586824,1.437936,-0.854279,0.87493,-0.094254,-1.06559
sommation,0.614491,0.198677,0.203849,0.97483,0.289784,0.549935,-1.307189
Knuth,0.080804,0.202094,0.649525,1.397807,0.065205,0.560426,0.112302
Zermelo,0.116969,-1.349496,0.669184,0.809177,1.752324,1.613386,-1.458151
quantificateur,0.670953,0.499399,-0.04603,0.828762,-0.175752,0.683436,-1.928903
pentagonal,-1.463088,2.799931,1.271357,-0.823327,-0.291504,-1.135929,-0.57851
Cayley,-0.67377,0.053999,1.070438,0.357549,1.24746,0.437826,-0.574498
préfixe,0.344239,1.791913,-0.162416,-0.690011,-1.153028,0.364377,-0.370954
adjacence,-0.845684,2.514858,1.434441,0.790422,-0.45342,0.318502,-0.313118
calculable,0.926526,0.135123,-0.052064,0.458994,0.241984,1.310334,-2.378267
chaos,0.199634,0.304633,0.375726,1.812913,-0.246694,0.665355,0.318454
trente,0.289125,1.19467,0.081465,-2.903171,-0.376122,0.852167,1.373899
Dedekind,0.048406,-0.641081,0.915517,0.420133,1.417552,0.876831,-0.739181
heuristique,0.511052,0.673233,-0.83271,1.052317,-1.347066,1.397095,-0.803895
Weyl,-0.160342,-0.413031,0.88728,0.678152,1.087725,0.871321,-0.118762
Tchebychev,-0.350586,0.085112,0.522734,0.584855,0.398491,0.472693,-0.718695
Fréchet,-1.469628,-0.501015,1.159569,0.508504,1.946905,0.738484,-1.783125
associatif,-0.42468,2.049724,0.867431,0.808448,-0.208059,-0.058208,-1.282617
implicite,-0.083796,-0.220207,-0.194883,0.790288,0.046087,1.729912,-1.898545
inverser,-0.187298,0.709939,0.06023,-0.906521,-0.197043,0.653537,-0.884265
calculabilité,-1.300542,0.342728,0.555214,2.433311,-0.310574,1.220488,-0.529382
dominer,0.243981,0.424345,-0.155625,-0.722873,-0.049084,0.923334,-1.348655
Brouwer,-0.710009,-0.708393,0.87219,0.888786,1.081537,0.476359,-0.366041
séquentiel,-0.904936,0.623634,0.009745,0.850363,-0.32116,1.050429,-1.875326
Tarski,-0.372613,-1.081665,0.687368,1.543547,1.090546,1.323098,-0.034585
lacet,-0.651143,0.674714,0.776441,-1.181729,1.022272,-0.420302,-1.973334
conjonction,2.200929,0.676431,-0.09027,0.660571,-0.455072,0.425782,-1.24391
laplacien,-0.899987,1.191156,0.781953,1.561672,0.070463,0.333736,-2.056531
négligeable,-0.230548,0.210721,0.178836,-0.652387,0.559712,1.032265,-2.022262
quantification,0.196775,0.862614,0.218254,1.315999,-0.423857,0.63321,-1.207015
récursivement,-0.314135,0.348189,0.313884,0.671634,0.383931,0.637752,-2.692082
coïncider,-0.375697,0.970717,0.598075,-0.983892,0.437922,0.805245,-1.712481
déformation,-0.839412,0.309219,0.050374,0.058868,0.091665,0.699851,-1.659081
Scott,-0.27536,-1.329862,0.700081,1.112782,1.338021,0.767903,0.698591
difféomorphisme,-0.684862,0.821644,0.958461,0.747558,0.745937,-0.03079,-2.146933
parallélogramme,-1.646923,0.610426,0.266603,-1.802525,0.57128,0.176166,-1.569696
$\pi$,0.434219,1.073482,0.516321,-0.303616,-0.155868,-0.058518,0.316289
corollaire,0.780479,-0.123694,0.321081,-0.058769,0.789631,1.278248,-1.28206
simplexe,-0.016274,1.661374,0.518925,-0.14418,-0.475314,0.062236,-0.842221
multiplicateur,0.769461,0.838238,0.02927,0.334897,-0.392839,0.268804,-1.147095
hexagone,-1.310275,1.940824,0.860065,-1.347124,-0.039638,0.09561,-0.389939
hypercube,-0.752724,2.11424,0.623824,-0.518285,-0.53947,-0.423961,-0.450808
Landau,0.000875,-0.608537,0.910819,0.741645,1.255999,0.772114,-0.458629
normaliser,0.295138,1.459113,0.147172,0.274283,-0.555465,0.263164,-1.423197
pivot,1.244739,1.034224,0.018205,-1.348994,-0.337624,0.422935,-0.221756
icosaèdre,-1.656457,2.429864,0.39766,-0.824885,-1.089994,-0.102202,0.207593
plonger,-1.169719,0.798579,0.742671,-0.639169,0.73985,0.184309,-1.621317
équilatéral,-1.563078,1.840346,0.55544,-2.074083,0.035774,0.014342,-0.833921
divisibilité,1.547027,1.841496,0.493989,0.297369,-0.790738,0.27537,-0.044061
métrisable,-1.289415,0.494066,1.180819,-0.416615,1.697305,0.650977,-3.123817
compacité,-0.588429,-0.258425,0.506571,1.008179,0.824711,0.739992,-2.01163
dénombrement,-0.376357,0.803137,-0.252563,-0.182272,-0.703128,0.884164,-0.346471
torsion,-0.022862,0.947044,0.7337,0.596468,0.415596,-0.041192,-1.46828
décidable,0.314845,0.380364,0.040415,1.561072,-0.105887,1.427486,-2.031858
incertitude,0.005828,0.588275,-0.504037,0.45787,-0.941394,1.033592,-0.938296
quart,-0.936504,1.565632,0.765006,-1.771262,0.058294,-0.192141,0.098242
Bessel,0.205911,-0.50053,0.514755,0.963472,0.903253,0.643053,-0.875632
bijectif,0.323934,0.561975,1.070534,0.753431,1.009583,0.799777,-2.2337
homéomorphisme,-0.09574,0.635147,1.358076,-0.124984,1.545854,0.104928,-2.272495
postulat,-0.90273,-0.0435,0.226753,-0.538428,0.671031,0.852906,-1.016248
clôture,-0.80091,0.883422,0.796909,0.398925,0.500894,0.17516,-1.493257
numérateur,0.79253,1.475663,0.387953,-1.057968,-0.106402,0.137723,-0.964066
revêtement,-0.811215,1.116109,1.279951,0.446408,0.767975,-0.291565,-1.743948
discriminant,0.963809,1.052295,0.186476,1.377151,-0.502263,0.612083,-1.476239
incomplétude,0.314591,-0.972806,0.451302,1.410402,1.221671,1.903507,-1.160055
Peirce,0.196537,-1.242464,0.434349,1.286772,1.148039,0.757037,0.035498
indécidable,0.706076,-0.210498,0.081214,1.191493,0.49784,1.763172,-1.68563
pgcd,0.717952,1.968107,0.39095,-0.974621,-0.448808,-0.06264,-1.079459
congru,1.675162,1.482939,1.271628,-2.355625,1.261551,-0.182606,-0.687325
fractionnaire,0.374637,1.874753,0.396634,0.45827,-0.682955,0.209042,-0.760716
opposé,0.07302,0.811397,0.150516,-0.936616,0.02181,0.412086,-1.438211
Hamming,-0.35195,1.18782,0.571577,0.271397,-0.291152,-0.020789,-0.151562
lagrangien,-0.980026,0.741577,0.143537,1.734374,-0.518034,0.663531,-1.951588
primalité,0.833671,-0.817841,-0.137802,1.791687,0.321877,0.385284,-1.419757
démontrable,2.301138,-0.850497,0.244238,0.943061,1.150769,1.647316,-2.021824
borélien,-1.401516,0.735881,0.916103,0.188029,0.789207,-0.306643,-2.295632
hypergéométrique,-0.196553,0.516163,0.858855,1.930355,0.552069,0.472636,-1.616674
injection,0.626265,0.446781,1.10751,0.358392,1.293485,0.073324,-2.324008
réflexif,-0.844085,0.739732,1.063041,0.323344,1.215268,-0.28469,-2.551458
surjectif,0.277207,0.067586,0.956032,-0.062149,1.569851,0.398447,-3.152674
orientable,-0.77751,1.199667,1.530282,-0.250439,1.305244,-0.160763,-2.164544
Littlewood,0.767906,-0.829891,0.730987,0.799692,1.256979,0.718057,-0.632548
Liouville,0.432925,-0.676578,0.858468,1.333827,1.172051,0.850701,-0.322042
prisme,-1.690657,2.529521,0.684805,-1.37672,-0.561082,-0.648,-0.230529
ergodique,-0.727819,-0.184975,0.151828,2.038409,-0.11658,1.650897,-1.087619
algébriquement,-0.260383,0.65355,0.422095,0.052576,0.564734,0.542813,-2.065587
déterminant,-0.098515,0.906877,0.340309,0.313346,-0.154728,0.017431,-1.691849
Kronecker,-0.343374,-0.479994,0.709596,0.490132,1.173365,0.397,-0.774753
valuation,0.771735,1.413474,1.261822,0.986213,0.577873,-0.318281,-1.708481
eulérien,-0.943253,1.920877,0.805076,0.002994,-0.092162,0.160562,-1.109852
littéral,1.138584,1.241788,0.240446,0.349081,-0.440132,0.199827,-0.773969
disjonction,2.662128,0.762724,-0.24942,1.579443,-0.809124,0.00535,-1.306066
parallèlement,-1.064707,-0.144856,0.129416,-0.713668,0.339304,0.819187,-0.013156
retenue,2.845618,1.697429,-0.107909,-1.258437,-1.052065,-0.074087,0.352858
majoration,1.438168,0.362972,-0.150836,-0.006075,-0.079382,0.964083,-0.989694
crochet,-0.613141,0.629522,0.467763,0.826773,0.199583,-0.07411,-1.33671
sécant,-1.662532,0.673272,0.891087,-1.326841,1.224438,0.203947,-1.736816
invariance,-0.297117,0.498772,0.340054,1.128574,-0.129012,0.236703,-1.124328
suffixe,0.05196,1.467111,-0.138656,-0.692763,-0.912233,-0.018559,-0.065435
homomorphisme,-0.706987,0.696164,1.208136,-0.402237,1.406476,0.091858,-2.633972
antisymétrique,0.232072,1.626346,0.86216,0.691752,0.110521,-0.462473,-2.092433
barycentre,-0.072004,0.853214,0.627067,-0.073026,0.325538,0.16568,-1.603494
subdivision,0.033176,0.71192,0.142451,-0.548255,0.089124,-0.291028,-1.17647
assertion,1.460989,-0.573349,-0.308429,-0.096588,0.347322,1.175683,-1.369769
polygonal,-0.312469,1.838931,0.765834,-0.963076,-0.196436,-0.248718,-0.343096
octaèdre,-1.305977,2.981798,0.348942,-1.01264,-1.547726,-0.336111,-0.038371
onze,0.022142,1.198667,-0.117081,-2.285685,-0.515762,0.107632,0.856436
milliard,0.641102,1.606821,-0.340682,-2.441905,-1.079143,0.090343,0.555593
orthonormal,-1.113606,1.685415,1.035583,-0.462083,0.277236,0.00773,-1.872
tridimensionnel,-1.594617,1.331571,0.715425,0.459135,0.067716,0.439154,-1.313037
extraction,0.256313,1.593428,-0.012532,0.562135,-1.264072,0.453455,-0.460159
linéarité,0.278183,0.144719,0.079657,0.868706,0.032703,0.862876,-1.603364
Pólya,-0.096822,-0.648573,0.428982,1.894591,0.410977,1.236957,0.35244
Riesz,-1.375272,-0.405367,0.690359,1.439802,0.832198,0.417856,-0.969591
cinquante,0.005665,1.531186,-0.010201,-2.351108,-0.556752,0.538474,1.65439
transposer,-0.171727,0.884208,0.420489,0.107692,0.113214,0.184283,-1.006694
additionner,0.548112,0.993159,-0.339712,-1.647716,-0.43268,0.515477,-0.678921
dispersion,0.347007,1.399848,-0.716665,0.578905,-1.641435,0.589466,-0.94419
sophisme,-0.453402,0.117169,-0.378326,1.679037,-0.457874,0.630527,-1.290426
homéomorphe,-1.439435,0.320085,1.386961,-1.180271,1.93622,0.116482,-1.945841
Kleene,-1.609925,-0.204058,0.983024,1.245534,0.931574,0.223434,-0.864486
bissectrice,-1.89509,1.435014,0.662239,-2.07504,0.258179,0.190095,-0.555342
ZF,0.673939,-1.205746,0.237858,1.06753,1.310407,1.198285,-2.255207
concave,-0.199538,0.792766,0.717375,0.436544,0.555989,-0.212773,-1.859343
étoilé,-1.317057,2.021178,0.877023,-1.338505,0.090898,-0.707788,-0.622134
gaussien,-1.011718,1.260622,0.111166,0.682133,-0.738458,0.208033,-2.044178
isométrique,-1.098293,0.905888,0.667134,-0.285618,0.330425,0.006788,-1.663731
cyclotomique,-0.262846,1.289239,1.391493,1.239587,0.394823,-0.494428,-1.612922
normalisation,0.861134,0.354054,-0.468826,0.128349,-0.527626,0.727298,-0.815785
aléatoirement,0.559336,0.961771,-0.96366,-1.383221,-1.134913,0.592743,-0.56473
décagonal,-2.626372,1.090189,0.229318,-2.003826,-0.300998,-0.972899,-0.72626
observable,0.013493,-0.124739,-0.710465,0.285652,-0.492361,0.415302,-1.733793
quinze,-0.235611,1.324965,0.133727,-1.809055,-0.51593,0.294355,1.141362
Kripke,-0.774934,-0.123374,0.205817,1.969809,0.071203,0.683468,-1.381661
similarité,-0.434719,1.320489,-0.148395,0.068891,-0.99923,0.207818,-1.02771
continûment,0.049096,-0.183264,0.060052,-1.041375,0.823178,0.557839,-2.731718
quarante,0.160165,1.574519,0.167361,-2.594953,-0.394306,0.359678,1.615146
minimisation,0.053648,0.251266,-0.266482,1.04416,-0.625548,0.707617,-1.519622
Eisenstein,0.124808,1.155512,1.088642,-0.141609,0.510932,-0.332218,-0.360345
réciprocité,-0.172333,0.165002,0.762226,1.558692,0.502236,0.158267,-1.32155
inductif,0.305404,0.293787,0.169776,1.460629,0.052733,1.001565,-1.845857
énumérer,0.307609,0.354088,-0.141212,-0.688924,-0.170781,0.762956,-0.847984
orthogonalité,-0.608018,0.749884,0.510221,0.091941,0.399646,0.524706,-1.615123
ellipsoïde,-1.848204,1.238166,0.468736,0.251206,-0.277907,-0.323562,-0.963094
Fraenkel,-0.066132,-1.701474,0.411243,0.924258,1.756939,0.954423,-1.368672
asymptote,-1.890752,0.356564,0.557611,-1.391199,1.111784,0.282169,-1.633122
asymptotiquement,1.013411,0.073914,-0.49228,-0.130852,-0.236821,0.655203,-2.057669
maximiser,1.407966,0.19419,-1.512888,-0.262664,-1.519658,0.914382,-0.916395
complétude,0.431927,-0.928474,0.091644,1.933453,0.499614,1.614441,-1.519403
jacobien,-0.142524,0.863403,0.351107,0.572503,-0.165858,0.429806,-1.616278
propositionnel,1.264424,0.573765,-0.13787,1.901566,-0.79223,0.842389,-1.452803
irrationalité,0.069808,0.196511,0.283912,0.008246,0.430588,0.613731,-1.361232
corréler,0.463443,0.085169,-0.856287,-0.405971,-0.39717,0.679578,-1.864377
cylindrique,-1.885217,1.664098,0.66401,0.575305,-0.258647,-0.366645,-1.299431
trapèze,-1.851434,1.537972,0.33585,-0.705645,-0.174346,-0.652153,-1.755381
losange,-1.340692,1.430036,-0.131046,-2.10908,-0.561313,-0.157517,-0.714895
cardinalité,0.039582,0.560947,0.641579,-0.75622,0.685228,0.573654,-1.943483
inéquation,1.441466,0.62262,-0.034804,0.962984,-0.49136,0.257343,-1.420031
ensembliste,-0.708797,0.758391,0.052631,1.157615,-0.420567,0.798493,-1.751258
parabolique,-1.929533,1.427667,0.632033,0.540853,-0.193188,-0.094587,-1.541571
Pell,-0.15199,-0.279206,1.129712,-0.022467,1.516518,-0.048364,-0.855373
attracteur,-0.932389,1.199969,-0.076618,1.169236,-0.988534,-0.328849,-1.397328
noethérien,-0.914219,0.691066,0.975827,1.225194,0.777995,0.117919,-3.079879
soustraire,1.294081,0.714491,-0.435593,-1.766406,-0.415634,0.615025,-0.179824
treize,-1.237656,1.793828,0.464564,-1.864589,-0.119156,0.06577,0.538526
exponentiation,1.092464,1.153346,-0.154526,0.94786,-1.111585,0.213893,-1.048488
Hermite,-0.671313,-0.219373,1.012181,1.241575,1.156515,0.327557,-0.663219
atlas,-0.193403,1.466765,0.649074,1.019385,-0.500214,-0.430634,-0.545464
convexité,-0.231101,0.32157,-0.038956,0.732146,-0.117987,0.510336,-1.944646
Weierstrass,0.000968,-1.334565,0.670026,1.162123,1.414488,1.003132,-0.733246
Baire,-0.62996,0.275396,1.499715,0.740364,1.579768,0.228084,-1.747207
médiane,-0.416221,1.341488,-0.050714,-0.960073,-0.735367,-0.113071,-0.570287
rhombique,-1.819423,2.78348,0.106648,-0.147275,-2.009864,-0.880397,0.569015
simplicial,-0.740393,1.796052,1.023777,1.15934,-0.155792,-0.217748,-1.377553
Student,1.77517,0.284927,-0.057303,1.179499,-0.536489,0.854385,0.342993
maillage,-0.055899,1.104122,-0.422505,0.351151,-1.101175,-0.144158,-1.241352
Sobolev,0.098306,0.144026,0.905599,1.199165,0.723169,0.057926,-0.683291
transposition,0.168343,1.331734,0.448023,-0.276551,-0.382312,-0.273201,-0.490935
Zorn,0.331952,-0.979911,-0.150436,0.866206,0.637826,0.854318,-1.513459
minorer,0.856374,0.156593,0.292036,-0.94685,0.92476,-0.291335,-2.165647
circonférence,-1.199778,1.184818,0.178749,-1.963945,0.026653,-0.034206,-0.920305
Skolem,-0.095958,-1.206381,0.264743,1.296047,1.077289,0.529807,-1.032602
sommable,-0.372541,0.455857,0.659855,-0.575223,0.758558,0.034771,-1.85302
encadrement,0.828215,-0.073238,-0.281156,-0.128328,-0.09988,0.964327,-0.851285
involution,0.4208,1.222839,0.746957,1.121234,-0.048924,-0.165926,-0.827227
sixième,-0.344955,0.976935,0.198956,-1.173923,-0.249052,0.173784,0.712251
martingale,0.538851,-0.387191,-0.478603,1.25176,-0.447118,0.483423,-0.952357
circonscrit,-1.995221,1.062624,1.644884,-2.150573,1.471517,-0.143666,-0.056455
isocèle,-1.619157,1.74151,0.913699,-1.884327,0.57044,-0.480499,-1.107568
Schwarz,-0.072538,-1.206335,0.689179,1.111088,1.450921,0.683871,-1.137904
énumérable,0.237383,-0.030878,0.482069,1.416893,0.595393,-0.212608,-2.869661
médiatrice,-1.689928,1.04011,0.648749,-2.173036,0.455398,-0.068196,-0.803414
méromorphe,-0.673129,0.597041,1.053733,0.906869,0.631539,0.233439,-1.857428
ultrafiltre,-0.89111,0.909957,0.864257,0.016261,0.703943,-0.35239,-2.102617
connexité,-0.646801,0.861767,0.498635,0.629108,-0.156956,0.46375,-1.734478
Karp,-0.363274,-0.470598,0.9624,2.015095,0.929584,0.293725,-0.424738
discontinuité,-0.10483,0.258979,-0.292724,-0.026848,-0.17979,0.410247,-1.831309
existentiel,0.169583,0.158734,0.068732,0.906885,-0.142877,0.06056,-1.683408
inconnue,0.0993,0.103433,-0.016786,-0.138165,0.336852,0.62036,-1.553208
résoluble,-0.428157,0.679433,0.483812,0.237126,0.2949,0.097423,-1.621683
arité,0.460713,1.455057,0.533338,-0.340187,0.037909,-0.874269,-1.126904
homographie,-1.240547,0.630804,0.911654,0.319771,0.80956,-0.391046,-1.914891
ternaire,0.269396,2.168665,0.293288,1.050369,-1.198545,-0.280549,-0.920004
injectif,-0.457798,0.406647,1.103023,-0.099662,1.432675,-0.182571,-2.568429
irrégulier,-0.70138,1.498295,0.004362,-0.637866,-0.744999,-0.055091,-0.782644
septième,-0.068183,0.97848,0.008903,-1.381713,-0.462905,0.281621,0.957268
Galton,-0.454986,-0.570514,-0.272354,1.276687,-0.062807,0.093401,-0.732035
Lipschitz,0.59328,-1.273064,0.442827,1.293458,1.220834,1.123437,-1.757578
monôme,0.743606,1.382062,0.599999,-0.700185,0.222422,-0.553166,-1.572501
proportionnalité,0.036707,0.883701,-0.205053,-0.322394,-0.374416,0.306596,-1.126175
rectangulaire,-0.703977,2.046728,-0.039426,-0.601074,-0.997442,-0.591321,-0.722357
pyramidal,-0.823141,3.485337,1.366687,-0.782796,-0.64095,-1.289433,-0.461446
Zariski,-0.632459,-0.049097,0.833,0.473331,0.984562,-0.069767,-0.624242
acyclique,-1.44958,1.645463,1.09332,-0.166004,0.346135,-0.559218,-1.459742
dixième,-0.057014,0.585055,-0.241545,-0.402468,-0.379568,0.194762,0.192317
octogonal,-1.768051,2.206509,0.985572,-1.518456,-0.233518,-1.512574,-0.399425
seize,0.099409,1.52909,-0.104829,-2.209634,-0.801914,0.421339,1.072609
lexicographique,-0.189598,1.501706,0.488905,-0.214434,-0.122756,0.018921,-1.06189
marginal,0.682195,0.263098,-0.379693,0.656554,-0.503139,0.460336,-1.477511
Fischer,-0.375581,-1.151722,0.486504,0.451322,1.243016,0.135241,-0.05499
bidimensionnel,-1.268221,1.22626,0.473269,0.510599,-0.299642,0.081213,-1.036843
conjugué,-0.230219,1.002512,1.021733,-0.305001,0.725396,-0.870869,-1.91723
isopérimétrique,0.004829,0.125969,0.498043,0.476209,0.626516,0.196196,-1.350479
unaire,0.300462,2.36422,0.31442,0.98776,-1.337202,0.151271,-1.048383
Bruijn,-0.666332,0.459943,0.90317,1.341561,0.627986,-0.478522,-0.975835
Cesàro,-0.345533,-0.072045,0.075575,0.743199,0.050863,-0.508313,-1.320423
déformer,-0.520725,0.061698,-0.543189,-0.910325,-0.071495,0.28247,-1.732997
encadrer,0.701509,-0.183726,0.065145,-0.697974,0.336477,0.571941,-0.012019
polyédrique,-1.463652,1.660681,0.691187,0.04611,-0.043956,-0.339269,-1.315323
Bézout,-0.921026,-0.49027,1.009297,0.810759,1.401878,0.131452,-1.282642
Goldbach,0.086538,-0.486783,0.665778,0.225986,1.159613,0.436636,-0.712221
holonomie,-1.313835,1.0084,0.805944,1.396957,0.194223,-0.420473,-1.642964
colinéaire,-0.532199,0.759676,0.801236,-1.365822,1.026936,0.13211,-2.114221
décroître,1.240078,-0.12382,-1.265969,-1.128761,-0.596127,0.825671,-1.41152
Carmichael,-0.217007,0.710479,1.055479,-0.434079,0.709215,-0.303489,-0.584421
factoriser,1.042705,0.644561,-0.2424,-0.141342,-0.413709,0.571908,-0.990505
Navier,-0.683329,-0.786986,0.518824,2.473367,0.60212,0.437015,-0.575048
sécante,-1.646994,0.653738,0.298086,-0.663101,0.359882,-0.406547,-1.780263
Sturm,-0.849769,-1.009435,0.73327,1.401971,1.214051,0.630809,-0.447227
tétraédrique,-1.267304,2.439142,1.412941,-0.998507,0.00423,-0.957537,-0.142803
ennéagonal,-0.976894,3.235734,1.558557,-2.010968,-0.130633,-1.552745,-1.453543
antiprisme,-1.823095,2.53091,0.805981,0.488968,-0.841185,-1.04948,-0.838548
birapport,-0.668529,1.131521,0.534759,-0.6494,0.212928,-0.258927,-0.919167
dilatation,-0.933508,1.194412,0.424423,0.769137,-0.061572,-0.975229,-1.67837
Diophante,-0.921286,-0.481026,-0.054971,0.325475,0.040965,0.811144,0.355422
Penrose,-1.431196,0.325979,0.544412,-0.031978,0.488905,-0.332905,-0.39625
scinder,-0.07992,1.102432,0.648012,-0.359529,0.229264,-0.658487,-1.039247
sommer,0.600551,0.003041,0.064558,-0.285898,0.10688,0.539165,-0.315745
binôme,0.610707,-0.226796,-0.07272,1.273348,-0.186964,0.904153,-0.855583
extrémal,-1.433916,0.996532,0.304527,0.596127,-0.165078,0.409787,-1.258077
Bolzano,-0.449958,-1.174957,0.443794,0.927339,1.184935,0.662944,-0.329795
histogramme,-0.851782,0.920725,-0.474987,0.225793,-1.211079,-0.156997,-1.010292
impropre,-0.345313,0.373858,0.19693,0.334771,0.244347,0.389157,-2.050155
cycloïde,-1.72277,0.750837,0.319557,-0.461494,0.103879,-0.70911,-0.898793
Fulkerson,-1.249222,-0.34462,0.496398,1.42185,0.280623,0.495738,0.842425
dichotomie,0.881635,0.146413,-0.628035,0.54262,-0.763205,0.811767,-1.038655
Cramer,-0.979564,-0.804169,0.190293,0.668709,0.806908,0.158912,-0.473785
octonion,-0.727982,1.221122,0.498485,1.324125,-0.265441,-0.823384,-1.209175
octaédrique,-1.345091,2.779308,1.389359,-0.59186,-0.27207,-1.106215,0.002724
hilbertien,-1.398135,1.888395,1.261546,0.333752,0.268167,-0.140186,-1.233982
homologique,-1.601749,0.463679,1.080172,1.548552,0.390576,0.302117,-0.731288
huitième,-0.02875,1.278727,0.124521,-1.350671,-0.498122,0.258858,1.306384
préhilbertien,-0.474999,1.020753,1.486968,1.502661,1.067602,0.20517,-2.703085
quadruplet,0.727139,1.397203,0.731552,-0.590216,0.175191,-0.659233,-0.398181
radian,-0.187812,1.474191,-0.135275,-1.122818,-0.656876,-0.376449,-0.467322
torseur,-1.507357,1.143946,-0.214571,0.308627,-0.898262,-1.240947,-1.577012
Grassmann,-0.440925,-0.495391,0.52315,0.603659,0.75728,-0.078758,-0.318706
Mascheroni,-0.324066,-0.468039,0.634346,0.348106,1.207562,-0.201133,-0.888191
Chomsky,-2.096798,-0.112746,0.481033,2.096005,0.215702,0.213165,-1.135542
hypersurface,0.296513,1.316699,0.972419,0.834333,0.103157,-0.496726,-1.144739
Hölder,0.23646,-0.87823,-0.007489,0.849171,0.728262,0.828489,-1.130189
exponentiellement,2.029377,-0.389245,-0.947931,-1.054466,-0.050013,0.089658,-1.734753
Hodge,-0.440477,0.185556,0.766789,1.286423,0.655244,-0.029162,-1.170352
périodicité,0.324071,-0.399771,-0.314909,0.001022,0.308051,0.02416,-1.181543
Carathéodory,-0.927935,-0.926931,0.507581,0.244972,1.301022,0.064409,-0.700325
dominant,0.181656,0.772818,-0.234674,-0.528304,-0.424525,-0.034721,-1.225314
monotonie,0.667009,0.489758,-0.200156,0.011798,-0.256837,-0.243677,-1.615371
Voronoï,-1.335649,1.409652,0.343166,-0.239573,-0.395325,-1.215284,-0.81147
associativité,0.886087,0.426091,0.034121,0.480574,0.075784,-0.551579,-1.632378
axiomatisation,-0.330601,-0.451356,-0.215933,1.233189,-0.005156,0.852886,-0.701749
codimension,0.48317,1.107528,1.510835,0.040345,0.907335,-0.7183,-1.003402
ordonnée,-0.996096,0.182339,0.204628,-1.561316,0.581403,-0.096101,-1.460417
orthocentre,-1.801679,0.954536,1.085845,-2.072592,1.14743,-0.312984,0.009933
Ackermann,0.309131,-0.927315,0.811847,1.315873,1.48793,0.073554,-0.981569
commutativité,0.895534,0.436412,0.155478,0.443086,0.229371,-0.671395,-1.546739
galoisien,-0.778208,0.933203,1.20536,1.493315,0.396763,0.199164,-1.269446
quartile,-0.042454,1.987004,-0.499108,-1.14645,-1.738289,-0.393721,0.356371
indécidabilité,0.014743,-0.89651,-0.32927,2.03036,-0.133455,1.532669,-0.986844
percolation,0.071543,0.576065,0.168103,1.325674,-0.490272,-0.19257,-0.08238
extremum,0.685341,0.362075,-0.296768,1.081556,-0.461119,0.781747,-2.132368
heptagonal,-1.022429,2.969967,1.350998,-1.086836,-0.296335,-1.299018,-0.470036
hexadécimal,0.965249,2.666549,0.271534,-0.111291,-1.907531,-0.156038,0.5576
tangent,-1.530642,0.85734,1.165949,-0.480446,0.913824,-0.372803,-0.892041
hyperfonction,-0.300255,-0.185343,-0.045061,1.578803,0.137153,-0.310657,-2.584607
hypoténuse,-1.458364,1.68617,0.688829,-1.681459,0.454473,-0.849339,-0.95735
Mordell,-0.513383,-0.966568,1.152541,1.23475,1.697146,0.352753,-0.646286
neuvième,-0.798139,0.846809,0.107332,-1.425803,-0.303821,-0.103825,0.938718
covariant,-1.2466,2.245223,0.697987,-0.564143,-0.401241,-1.070571,-1.193213
récursivité,-0.74453,0.473194,-0.099372,0.10032,-0.376181,-0.097215,-0.925827
commuter,0.220574,0.64616,0.581512,-0.291825,0.382848,0.063572,-1.514355
Mazur,0.20434,-1.558203,0.549497,0.862871,1.664269,0.536403,-0.691068
orthonormé,-1.494336,0.959054,0.669187,-0.039114,0.248298,-0.457032,-1.832253
pentagramme,-1.246368,1.04126,-0.313069,-1.125281,-0.673445,-0.192978,-0.467801
variationnel,-0.102107,-0.43224,-0.727679,2.300946,-0.984641,1.169521,-1.381712
paramétrisation,-1.050277,0.354931,-0.125693,-0.00444,-0.153451,0.061589,-1.744835
sexagésimal,-0.355278,2.396206,-0.367322,-0.003602,-2.294888,0.652122,0.512375
adjacent,-1.02778,1.362591,0.197375,-2.392308,0.015225,0.099901,-1.087402
glouton,1.008632,1.384574,-0.84172,0.331679,-1.800701,0.290718,-0.671771
tautologie,1.011506,-0.619507,-0.336454,0.700681,0.150819,0.550561,-1.552301
PSPACE,2.033972,-0.178785,0.447495,1.342788,0.405466,-0.002631,-0.807145
coplanaire,-0.857669,0.155436,0.4957,-2.621944,1.424263,0.296235,-2.191573
fini,-0.035805,0.876217,0.312015,-0.176123,0.019837,-0.012411,-1.172396
hypergraphe,-1.356566,1.523982,0.558464,0.226049,-0.35837,-1.048393,-1.238442
involutif,-0.495343,1.097136,0.902492,1.151318,0.363016,-0.473559,-1.704968
lemniscate,-1.507824,0.298022,0.393472,0.989739,0.100578,-0.570071,-0.94209
préordre,0.037775,0.392671,0.492141,0.428167,0.563869,-0.541864,-1.423035
fibration,-1.009427,0.43497,0.566715,0.564495,0.188089,-0.685258,-0.913051
Büchi,-1.192552,-0.646318,0.263544,0.939862,0.556248,-0.04389,-1.594269
Kruskal,-0.374665,-1.146156,0.367991,1.730059,0.859241,0.231923,-0.707805
NL,0.768995,-0.144856,0.016363,0.630129,0.408896,-0.328154,-0.739955
affixe,-0.182144,0.981688,1.138187,-0.587819,0.908263,-1.076009,-1.577403
autoadjoint,0.190907,0.797517,1.188692,1.292814,0.792781,-0.36747,-2.184913
Bellman,-0.335402,-1.262742,-0.082889,1.727258,0.74149,0.790803,-1.181889
Descartes,0.022131,-1.316398,-0.162316,-0.024118,0.705337,0.731254,-0.653899
isogonal,-0.655378,1.156203,0.784972,0.110878,0.507996,-1.29374,-1.60753
quatorze,0.183191,1.204698,-0.162472,-2.152736,-0.737509,0.380646,1.443588
surjection,0.419274,0.382666,1.13842,0.7755,1.244748,-0.408967,-2.630199
discontinu,-0.782929,0.085944,0.479457,0.094382,0.750421,0.05082,-1.706842
extrapolation,0.945049,-0.13965,-0.411593,1.919526,-0.357834,0.446114,-1.058146
Koch,-0.163371,-0.607327,0.443305,0.510138,0.845714,-0.358523,-0.660302
tangence,-1.199371,0.601588,0.567252,-1.25091,0.70374,0.123594,-1.033153
transporter,-0.640031,0.15861,-0.442911,-0.591238,-0.305365,0.250209,-1.284595
barycentrique,-1.034956,1.336684,0.552812,0.097851,-0.26171,-0.875872,-1.628055
équerre,-0.351211,1.308282,-0.907943,-0.106478,-1.67022,-0.836104,-0.469154
additivité,0.265762,0.089983,0.637757,0.460972,0.708582,-0.333777,-2.295542
diédral,-1.232003,0.776163,1.260163,-0.293573,0.897123,-1.004131,-0.403227
ovale,-0.877399,0.665855,1.160924,0.653377,0.845045,-1.044214,-0.916963
dodécaédrique,-2.316407,2.594813,0.650963,0.55121,-1.196854,-1.10898,-0.331736
matroïde,-1.480362,1.480066,0.138298,0.976161,-0.820817,-0.618959,-1.011403
rationalité,-0.775306,-0.159871,-0.463797,0.262754,-0.517431,0.305832,-0.603084
billard,-1.430997,-0.267652,-0.102265,1.300247,-0.131593,-0.205074,-0.784123
contractile,-0.587722,0.105355,0.931149,-0.212692,1.428772,0.303775,-2.623401
disjonctif,-0.91996,1.254226,0.375582,1.21855,-0.490106,-0.552903,-1.557299
transfinie,1.9046,-0.497264,-0.071331,1.103551,0.12413,0.452384,-1.416743
commutation,-0.260328,0.603547,0.056386,1.179359,-0.545894,-0.406599,-0.706709
Herbrand,-1.107708,-1.119526,0.509526,1.414633,0.983039,0.845544,-0.286948
Perron,0.505996,-1.332708,0.015799,1.157791,0.916081,0.026379,-1.272022
commute,0.244515,0.506561,0.646169,-0.278439,0.679977,0.01483,-1.473137
$\epsilon$,0.542788,1.190728,0.1799,0.430794,-0.737169,-0.434323,-0.078144
équiprobable,0.344661,0.413934,-0.671094,-0.62793,-0.687705,0.586445,-1.553206
différentiabilité,0.030834,-1.07848,0.15478,0.400142,1.222641,0.157753,-2.005683
décidabilité,-0.468497,-0.369067,-0.248986,2.058334,-0.42337,0.683849,-0.755111
dénombrer,-0.062894,0.756391,-0.235695,-0.71139,-0.383041,-0.204196,-0.61547
renormalisation,-0.739614,-0.014349,-0.280542,0.79552,-0.444986,0.531595,-0.810862
rigidité,-0.65861,-0.363868,0.108129,1.11517,0.223863,-0.04575,-0.739563
récurrent,0.445982,0.296361,0.089719,-0.017113,0.365906,-0.135829,-1.97225
Syracuse,-0.228433,-0.77315,0.604214,-0.22728,1.346421,0.256285,0.118181
transitivité,0.759658,0.297604,0.068909,-0.731508,0.477279,-0.623121,-1.708224
multilinéaire,-0.308627,1.492498,1.12533,2.241048,0.008788,-0.127062,-1.209526
Cantelli,-1.414232,-1.037436,0.898834,1.414302,1.511411,-0.018924,-1.750306
multivarié,-0.83176,1.013807,0.21023,2.509143,-0.955997,0.772278,-1.157414
nappe,-1.582354,1.048137,-0.276662,0.010675,-0.696813,-0.884789,-1.651317
Stokes,-0.569652,-1.075633,0.164735,1.856422,0.832619,0.793968,-1.816977
$\aleph$,-1.070265,1.073923,0.850323,-0.745951,0.564655,-1.242419,-1.313856
sinusoïdal,-1.480072,0.678552,-0.436831,0.427156,-0.783525,-0.215602,-1.710309
Burnside,0.061486,-0.681144,0.420939,1.550764,0.756116,0.653665,-0.789378
compagnon,-0.062508,-0.091052,0.095787,0.232749,6.7e-05,0.320297,0.679716
préfaisceau,-1.652587,1.237444,0.635016,-0.18085,-0.076308,-0.816187,-1.23283
dièdre,-1.469225,1.778447,0.399375,-1.935289,-0.350115,-0.430243,-0.704707
distributivité,1.035274,0.756426,0.615266,0.870259,0.072588,-0.826423,-1.04214
markovien,-0.901916,-0.71252,-0.884624,1.326207,-0.545228,0.816976,-1.640595
autocorrélation,0.55332,0.786848,-0.626858,1.4208,-1.387357,-0.133696,-0.68611
extensionnalité,0.485503,-0.521252,-0.022169,0.915121,0.713609,0.869182,-2.271526
paracompact,-1.102265,0.203244,1.48324,-0.865146,2.042948,0.367266,-2.37326
sturmien,-0.911192,1.735366,0.003344,0.056892,-0.985022,-0.466696,-1.511591
cuboctaèdre,-1.625377,1.88069,-0.162827,-0.573999,-1.491569,-0.157623,0.436513
permuter,0.27059,0.422793,-0.425977,-1.350618,-0.463275,-0.167765,-1.144841
diagonalisable,0.77678,0.313132,0.568771,0.683862,0.839209,-0.356716,-2.451663
népérien,0.1956,1.463221,0.647582,1.701665,-0.450556,-0.81151,-1.405695
hyperboloïde,-2.134386,0.963527,-0.010549,0.357235,-0.587843,0.023891,-0.569534
paraboloïde,-2.15544,0.913977,0.990233,1.274482,0.245192,-0.445277,-0.596573
$\zeta$,-0.003782,0.618507,0.577558,1.89865,-0.027303,-0.046678,-1.378074
centième,0.006316,0.716319,-0.677281,-1.786772,-0.700338,-0.66195,0.498789
millième,-0.402666,1.440655,-0.395959,-1.787273,-0.847338,-0.886001,0.19902
soixante,-0.294345,1.459742,-0.229075,-2.331946,-0.917071,-0.695763,1.000685
