word,1,2
number,-0.943583,-2.015777
function,0.684141,-2.739254
one,-1.914813,-1.974028
set,-1.424154,-1.738378
group,-1.593164,-1.630888
space,-0.45529,-2.097667
two,-1.906265,-1.854803
theory,0.521843,-1.552768
point,-1.132041,-1.684455
theorem,2.315127,-0.112881
example,-0.224299,-2.512527
form,-0.945234,-2.213814
define,0.440262,-2.501641
graph,2.067606,-1.27427
value,0.32695,-2.762004
problem,-0.200379,-2.421622
mathematic,0.508163,-0.346347
order,-1.511842,-1.772641
equation,2.122444,-1.132882
first,-2.459036,-1.177822
vector,1.965211,-1.956231
algebra,2.442238,-0.351842
$\mathbb{N}$,0.163366,-0.405297
field,-1.360687,-1.547607
element,0.055932,-2.483023
system,-0.218594,-2.859115
matrix,1.496066,-1.659248
mathematical,1.092967,-0.879792
method,0.621351,-2.668718
finite,2.382676,-1.923258
result,-1.126943,-2.346548
vertex,2.399582,-1.192595
term,-0.842246,-2.281309
line,-1.170859,-1.62352
model,-0.11127,-1.757967
real,-1.220484,-1.417346
property,-0.701821,-2.045177
geometry,1.887298,-1.348286
complex,-0.107444,-2.280622
linear,1.630077,-2.07453
polynomial,2.903208,-0.660469
algorithm,2.111915,-1.533035
mathematician,0.094757,1.99164
definition,0.685411,-2.436029
product,-0.027525,-2.598139
state,-2.150864,-1.511016
sequence,0.552121,-2.082317
distribution,0.198037,-1.948431
variable,1.675424,-2.642046
solution,0.61475,-2.562504
square,-0.422914,-0.960648
map,-0.289832,-1.190262
class,-1.168788,-1.233446
integer,2.288222,-1.476779
mean,-0.54421,-2.367289
proof,0.414129,-1.633
three,-1.974104,-1.65576
dimensional,1.777735,-2.128534
zero,0.278143,-1.661288
algebraic,2.618908,-0.55681
formula,0.36009,-0.879643
ring,-0.303987,-1.312855
edge,-0.257494,-1.790982
sum,0.336169,-1.360719
plane,0.016151,-1.705502
analysis,0.418295,-2.098261
dimension,0.696485,-1.848694
curve,1.065271,-1.705132
type,0.21501,-2.495088
operator,0.174699,-1.489036
prove,-0.603421,-1.914896
probability,1.880223,-2.029147
structure,-0.387978,-2.20362
representation,0.281559,-1.780902
series,-1.839051,-1.015547
prime,-1.320101,-0.221727
measure,0.211791,-2.882123
equal,-0.061066,-2.088811
lie,-1.196223,-1.189049
manifold,2.50196,-0.973604
degree,-0.794381,-1.219154
differential,1.78541,-1.826061
$\mathbb{C}$,-0.325503,-0.495652
regular,-1.463308,-1.363663
second,-2.160935,-1.011909
triangle,0.35583,-0.660128
subset,1.974627,-1.957637
circle,-0.862625,-0.984364
relation,-0.771152,-1.514079
positive,-0.267873,-2.233066
simple,0.40459,-2.610922
topology,2.488501,-1.210216
category,-0.596499,-1.557578
surface,0.679461,-3.001344
constant,0.77341,-1.82633
application,0.513288,-2.696133
integral,1.137116,-1.44059
coordinate,0.447243,-1.892786
complete,-1.587309,-1.149215
root,-0.325603,-1.74208
length,0.02485,-2.120376
continuous,0.622448,-2.703363
logic,1.387319,-1.137164
external,-1.982309,-0.386174
side,-1.481865,-1.673696
unit,-0.471898,-1.946717
equivalent,0.378118,-1.819841
conjecture,1.961956,0.127494
infinite,1.026399,-1.302541
operation,-1.17571,-1.927182
angle,1.017396,-2.207709
random,0.536284,-1.478538
basis,-0.615904,-2.204815
natural,-0.541648,-2.049608
power,-1.022229,-2.246433
area,-1.569076,-2.088424
open,-1.848267,-1.407267
solve,0.44818,-1.953851
pair,-0.382238,-1.497568
hold,-2.227014,-1.185828
limit,-0.657306,-2.333427
special,-1.603168,-1.403296
generate,0.577037,-3.1106
coefficient,2.203848,-1.68514
standard,-0.168531,-2.373314
identity,-0.541202,-1.814562
four,-1.867101,-1.511873
rule,-1.11534,-1.491469
topological,2.994259,-1.047724
computer,0.01922,-1.64042
derivative,1.436613,-1.910182
symmetry,2.349507,-1.579053
compact,0.876159,-1.64053
factor,0.423126,-2.907142
family,-2.116906,-0.690458
transform,0.193647,-1.681357
convex,2.570505,-1.779093
domain,0.79424,-1.788436
subgroup,1.610042,-0.495869
construct,-0.759978,-1.537165
axiom,2.203711,-0.42438
construction,-1.023261,-1.61029
therefore,-0.120158,-2.803697
compute,1.497163,-1.861278
normal,0.116811,-2.513947
distance,-0.237756,-1.713475
notation,1.671347,-1.057579
parameter,2.006391,-2.713224
euclidean,3.078755,-1.042795
symmetric,2.668687,-1.748633
metric,1.535054,-1.7711
test,-0.41347,-2.146667
bundle,1.245247,-1.626398
center,-1.518563,-1.050906
symbol,0.413521,-1.579037
projective,3.061168,-0.666447
sphere,0.791204,-1.612885
interval,0.964189,-1.994683
single,-1.341403,-1.572539
geometric,1.95837,-1.615202
ideal,0.258469,-1.924809
dual,0.546457,-1.460319
module,1.391715,-1.874889
invariant,2.832924,-1.19344
$\mathbb{Q}$,0.298159,-0.346292
index,0.409341,-1.433773
information,-0.693028,-2.286563
transformation,0.756613,-1.71988
extension,-0.146432,-1.553603
direct,-1.61089,-0.461899
uniform,-0.130821,-1.914574
path,-0.134251,-1.992258
negative,0.298507,-2.679388
image,-0.266004,-1.910844
member,-2.633377,-0.53436
inverse,2.444195,-1.570268
step,-0.718461,-1.83943
independent,-1.616565,-1.292659
arithmetic,2.249708,-1.190818
position,-1.390248,-1.581263
calculus,2.300772,-0.554822
rational,1.554154,-1.704687
law,-1.710413,-1.065418
tree,-0.595949,-1.714466
component,0.754579,-3.067989
lattice,2.248267,-1.498941
inequality,1.428866,-1.522906
volume,-0.519159,-0.463927
section,-0.876218,-1.624418
add,-0.944547,-2.054841
$\mathrm{e}$,-0.533383,0.081014
fundamental,0.676614,-2.096331
game,-1.851759,-1.3161
polytope,3.332406,0.689877
smooth,0.91713,-2.0267
partial,-0.043958,-1.502331
extend,-0.818732,-1.770774
multiplication,2.470019,-1.33734
boundary,-0.547016,-1.455796
local,-1.925697,-1.761579
node,1.809657,-2.245467
develop,-0.71015,-2.1511
difference,0.142766,-2.580522
statement,-0.446491,-1.899123
tensor,3.177656,-1.217368
discrete,2.165098,-2.060602
variety,-0.574827,-2.271935
generalize,2.231274,-1.325944
sample,0.258697,-1.929288
statistic,-0.647443,-0.603695
axis,0.932817,-1.909357
hyperbolic,3.034248,-0.676005
rotation,1.072746,-1.795125
Hilbert,2.091523,0.476693
digit,1.297147,-1.468286
intersection,0.425149,0.060169
addition,-1.198277,-2.014927
expression,0.822036,-2.524592
Student,-1.521405,-1.092682
approximation,2.444577,-1.788077
$\mathbb{Z}$,0.25336,-0.12901
mathematics,0.674714,0.765189
code,0.192375,-1.690104
rank,-1.510741,-0.829983
characteristic,0.54542,-2.776063
binary,1.738686,-1.768749
closed,0.362179,-2.026144
tangent,2.200702,-0.480924
diagram,1.653508,-1.463798
divide,-0.627871,-1.686524
functional,1.211211,-2.686503
abelian,3.332576,-0.334884
odd,-0.283939,-0.889114
action,-1.233547,-2.069224
tiling,3.282752,-0.059902
ratio,1.399626,-2.174695
program,-1.19259,-1.833993
quadratic,3.085405,-1.278177
cube,1.049769,-0.70191
cycle,0.044462,-1.791468
figure,-1.252328,-1.210366
argument,0.315182,-1.564581
Riemann,2.564713,0.90239
Euler,2.426015,0.344342
calculate,1.188916,-2.320064
shape,0.394493,-2.538975
formal,-0.430709,-2.009221
derive,0.289505,-1.781428
statistical,0.438731,-1.00464
network,-0.648231,-1.988974
estimate,-0.164072,-1.94587
norm,0.050181,-1.037697
polygon,1.637884,-0.519918
permutation,2.594641,-0.998496
world,-2.267749,-1.267435
maximum,0.528787,-2.436026
equivalence,2.300678,-1.486643
parallel,0.071257,-1.722411
numerical,1.608082,-1.771911
orthogonal,2.805738,-1.583381
isomorphic,3.264379,-0.630003
connection,-0.717573,-1.692882
locally,-0.463547,-1.648453
existence,-0.355137,-1.76084
complexity,1.205137,-2.308527
isomorphism,3.334563,-0.373907
commutative,3.317987,-0.276278
quotient,2.484857,-0.624042
half,-1.505511,-1.377274
decomposition,2.43663,-1.721631
density,1.9516,-1.556067
affine,3.028358,0.147404
arbitrary,1.723259,-2.476154
morphism,3.676893,-0.544287
scale,0.124586,-2.520307
suppose,-0.42509,-1.589745
increase,-0.393325,-3.383306
projection,1.299048,-1.679085
partition,0.645878,-1.007665
exponential,2.700036,-1.811374
range,-0.375761,-2.45898
subspace,3.243107,-0.68778
support,-1.264497,-1.999096
diagonal,1.848361,-1.334509
computation,2.003759,-1.720415
curvature,2.63998,-1.707712
flow,0.330008,-2.405751
analytic,1.31487,-1.466523
chain,-0.282423,-1.97869
cohomology,3.769447,0.224793
trivial,1.57337,-1.587272
converge,0.911592,-1.461041
lemma,2.662837,0.133981
origin,-0.847814,-1.245596
convergence,1.21014,-1.358951
division,-1.827959,-0.777763
union,-2.223146,-0.878511
empty,-0.182139,-1.56598
computational,1.772649,-1.356071
functor,3.602203,-0.135473
fraction,1.436162,-1.983274
source,-1.085968,-1.128665
eigenvalue,3.258654,-1.293734
translation,-0.258312,-0.020054
hypothesis,1.255443,-1.862258
scalar,3.022271,-1.51156
coxeter,3.017253,1.897095
third,-1.994254,-0.97958
Fourier,2.498399,-0.493176
bit,0.726075,-1.728786
exact,0.164733,-2.051818
elementary,-0.997681,0.641183
maximal,2.32488,-1.693839
radius,1.744186,-1.840156
homomorphism,3.642145,-0.291135
identify,-0.535741,-2.03338
distinct,0.357742,-2.589531
minimum,0.374679,-2.454908
development,-1.06829,-2.094481
ordinal,2.688583,-0.463855
homotopy,3.667229,-0.296788
elliptic,2.844959,-1.102757
mapping,1.412333,-1.683107
alternative,-0.453765,-2.132279
rate,-0.054279,-2.532629
character,-1.382513,-1.105291
central,-1.481675,-1.26616
irreducible,3.271252,-0.950159
principal,-1.642137,-0.259764
count,-0.922462,-0.081743
finitely,3.378933,-0.93819
kernel,2.037209,-1.523028
infinity,0.632385,-0.585002
calculation,1.569622,-2.368543
draw,-1.738783,-0.785799
divisor,2.95886,-0.389362
pattern,0.483329,-2.69923
average,-0.193083,-1.479283
knot,1.126622,-0.870204
assumption,0.75405,-1.694502
expansion,-0.546893,-1.937918
frequency,1.192693,-2.448593
dynamic,0.83263,-2.235422
canonical,1.394895,-0.893955
minimal,0.581894,-2.529317
segment,-0.277186,-1.479051
sheaf,2.255157,0.23836
approximate,0.951704,-0.788784
combination,0.082015,-2.217554
relative,-0.094293,-1.927192
programming,-0.151388,-0.954637
optimization,2.243979,-1.888162
variation,0.434264,-1.592064
frame,-0.003079,-1.912991
variance,2.288556,-1.985016
branch,-1.0492,-1.082317
boolean,3.015977,-1.259585
harmonic,1.920035,-1.436683
optimal,1.838288,-2.571958
ordinary,-0.30646,-1.483363
polyhedron,3.158258,0.277591
singular,1.213437,-1.245194
filter,1.703315,-2.482942
automorphism,3.547023,-0.094927
absolute,0.598443,-1.783549
constraint,1.346527,-2.576652
relationship,-1.035758,-1.677988
multiply,1.547802,-1.945259
decision,-1.211799,-1.470969
six,-1.762486,-1.416084
homogeneous,2.131733,-2.23011
cyclic,2.472458,-1.834872
stochastic,2.619559,-1.054104
Banach,2.952999,1.266994
spherical,2.225875,-1.854086
riemannian,3.601447,-0.298196
cardinal,-1.057524,1.132849
generator,1.364912,-1.886327
cubic,2.101445,-0.764484
closure,-0.685614,-1.604007
necessary,-0.29972,-3.268054
inner,-0.098091,-1.646427
complement,0.444503,-1.783812
planar,2.81145,-1.537412
stable,0.071034,-1.933678
induce,1.257041,-2.728574
Hausdorff,3.338751,0.433247
cartesian,2.738641,-0.681627
logical,1.784616,-1.940084
alternate,-0.417286,-1.134386
gaussian,3.113147,-1.423458
composition,-0.52327,-0.847127
ball,-1.237993,-1.090283
triangular,1.641145,-1.573792
Newton,-1.155466,0.55255
classification,0.093763,-1.014731
reflection,0.339492,-1.29157
differentiable,3.342679,-0.857771
loop,0.551315,-1.472894
population,-0.364728,-1.415363
opposite,-0.57125,-0.736202
determinant,2.008374,-1.559815
intersect,1.003996,0.256789
conjugate,2.530354,-1.80408
modular,1.681089,-1.565893
logarithm,3.057766,-0.633552
countable,3.375806,-0.683799
reduction,0.660991,-2.980824
spectral,2.203606,-1.639714
homology,2.88838,-1.070543
Cauchy,3.091796,0.053353
Galois,3.300122,0.878534
NP,1.613931,0.187714
separate,-0.862867,-2.112475
decimal,2.09147,-0.864999
neumann,0.310501,1.460334
trace,-0.209263,-1.461888
integration,0.508851,-2.008907
criterion,0.400422,-2.196004
primitive,0.742524,-1.526607
global,-0.575948,-1.922561
modulo,3.121173,-0.236059
strategy,-0.246819,-2.435577
equality,-0.078918,-1.710937
holomorphic,3.567761,-0.167772
infinitely,2.141353,-1.607018
Gauss,2.447509,0.848831
nonzero,3.020155,-1.380203
quaternion,3.220464,0.688026
regression,2.500318,-1.589153
neighborhood,-1.366389,-0.80335
correspondence,-0.240643,-0.251972
adjoint,2.970885,0.614744
variant,0.658318,-1.386292
disjoint,2.827644,-0.853028
distribute,-0.254257,-1.991192
evaluate,0.517205,-2.546889
additive,2.250244,-2.222142
unknown,-1.017672,-0.651178
span,-0.447442,-1.492197
combinatorial,2.764064,-0.770497
matroid,3.730606,0.697193
orbit,1.204274,-1.432562
cone,1.018968,-1.20176
truncate,1.5463,-0.727404
flat,-0.13679,-1.600069
simplex,1.469077,1.024898
interior,-0.71054,-1.175217
arc,0.158452,-1.297258
Dirichlet,3.317908,0.377833
moment,-0.535154,-1.522707
unitary,1.14113,-0.386298
iteration,1.053396,-1.1036
factorization,3.286762,-0.262809
split,-1.004323,-1.116024
Poincaré,2.139385,0.802294
Poisson,2.210613,0.644138
entropy,2.389903,-1.267741
sufficient,0.127763,-3.282995
restriction,-0.294469,-2.735284
orientation,0.666288,-2.414175
recursive,2.968973,-1.332933
prior,-1.763195,-1.50951
truth,-0.269021,-1.101477
hamiltonian,3.136962,-1.071632
proposition,0.831345,-1.201338
spectrum,0.590247,-1.710298
significant,-0.912176,-2.659609
duality,2.216017,-0.530981
exponent,1.31977,-0.213938
states,-2.56841,-1.114651
asymptotic,2.849811,-0.846921
correlation,1.807119,-2.337465
estimator,3.060154,-0.577855
critical,-0.846899,-1.592522
characterize,0.376501,-2.15798
translate,-0.574632,0.062354
geodesic,2.9278,-0.603306
semigroup,3.848685,-0.350284
explicit,0.866165,-2.199716
periodic,1.237656,-1.835925
singularity,1.804262,-0.642752
numeral,1.809001,-0.948481
measurable,1.998521,-2.333431
null,1.76222,-0.901467
fiber,1.629547,-2.474532
tile,1.049612,-1.46153
classify,0.126789,-1.80288
transitive,3.012755,-1.254986
restrict,-0.360135,-2.645797
Laplace,2.575271,0.433604
differ,0.350187,-2.552765
multiplicative,3.424318,-1.093906
round,-1.630002,-0.500613
tetrahedron,2.829442,-0.268332
expand,-1.065906,-1.921027
Cantor,-0.078962,1.331095
Borel,1.901798,1.604513
Fermat,2.742931,1.072709
nonlinear,2.406014,-1.260285
Markov,2.188102,0.573647
torus,2.926755,-0.301754
dynamical,2.720361,-0.928486
compound,1.138581,-2.348615
height,-0.193616,-1.594743
adjacent,-0.490451,-1.090877
comparison,0.297122,-2.111929
paradox,1.220366,-0.356965
dependent,0.75534,-2.934357
log,-0.011712,-1.46819
$\mathbb{zeta}$,0.946774,0.544009
fit,0.036097,-2.004337
cardinality,3.336989,-0.650395
coloring,1.598705,-1.073926
polar,0.764472,-0.974959
uniformly,1.752071,-1.94298
Weyl,2.861487,0.924373
tend,0.065716,-2.825451
symplectic,3.733551,0.210478
combinatoric,3.279604,0.114516
induction,1.045746,-1.406105
Lebesgue,3.447863,0.888985
perpendicular,1.772123,-1.744314
decrease,0.727242,-3.408082
binomial,1.76896,0.536772
net,-0.243595,-1.589057
dense,1.118529,-2.498987
integrable,3.586338,-0.609751
outcome,0.254418,-2.723184
conditional,1.290909,-1.511874
quadrilateral,2.708237,-0.000824
injective,3.876746,-0.427961
gradient,2.027213,-2.353968
Gödel,2.440091,0.953262
invertible,3.511855,-0.556493
middle,-1.379489,-1.173538
inclusion,-0.113698,-2.009326
identical,0.352722,-1.900602
vary,0.23933,-3.105271
transition,-0.107809,-1.993744
eight,-1.711802,-1.316177
likelihood,1.347162,-2.563885
deviation,1.668373,-1.994028
infinitesimal,3.136688,-1.009661
straight,-0.702179,-1.278767
strongly,0.012565,-1.905821
fractal,2.436719,-0.136806
grow,-1.522747,-1.780811
generating,1.130129,-0.752169
conic,3.139205,-0.470093
independently,-0.194548,-1.640591
remainder,-1.064799,-1.055689
sampling,1.602019,-1.778215
Jordan,-2.117332,0.523388
rectangle,1.945616,-1.063256
monoid,3.692974,-0.176206
derivation,1.829809,-1.240053
conformal,3.3566,-0.59715
exterior,0.378706,-1.613462
growth,-0.084629,-2.753376
inference,2.315761,-1.602737
isometry,3.887518,-0.023354
definite,1.175922,-1.835606
fractional,2.282575,-1.15632
rotate,1.015754,-2.195119
seven,-1.952998,-1.283297
associative,2.690185,-1.23451
universe,-0.121873,-1.021687
hierarchy,0.671086,-1.396257
subgraph,3.559858,-0.403902
sentence,-0.587573,-0.99456
pole,-0.521783,-0.747382
bayesian,2.825842,-0.873431
sine,1.873631,0.238627
simplify,1.149603,-1.763425
degenerate,1.368014,-0.772608
fold,0.173132,-1.824822
circular,0.936849,-1.95282
Taylor,-2.484302,0.500986
minimize,1.234281,-3.429117
characterization,1.204214,-1.381438
Euclid,1.204037,0.790856
Leibniz,1.749979,1.153824
demonstrate,-0.037588,-2.253059
stability,0.823253,-2.76294
skew,2.160208,-1.280699
imaginary,0.56459,-0.831325
plot,-1.345682,-0.522288
predicate,2.354833,-1.554668
resolution,0.289533,-1.362527
proportional,1.449159,-1.867922
digital,-0.276814,-1.515725
residue,2.17989,-1.893215
cluster,0.935895,-1.958465
Grothendieck,3.111757,1.732272
trigonometric,3.428872,-0.508722
diameter,1.681519,-1.960044
Bernoulli,2.765995,0.509681
modulus,2.804766,-0.947881
estimation,1.92997,-1.756677
hermitian,3.845505,-0.708998
ordering,2.172395,-1.815981
eigenvector,3.380504,-0.767135
nine,-1.87787,-1.115947
Erdős,2.380307,1.722163
inversion,1.791776,-1.483709
vertical,1.000366,-2.413939
computable,3.415061,-0.352983
Church,-2.130875,-0.444408
continuity,0.30883,-1.299892
Cartan,3.240962,1.43873
fourth,-1.882376,-0.71117
interaction,1.008904,-2.787499
embed,2.02265,-1.645113
Conway,-1.526526,1.053846
valuation,1.187408,-1.395756
chart,-1.433815,-0.534618
internal,0.033033,-2.583777
separable,3.135653,-1.124126
coincide,-0.645614,-1.334656
loss,-0.898629,-1.769051
arrow,-0.173615,-0.754747
orient,0.065292,-1.483295
pythagorean,2.852217,0.176828
convolution,3.331595,-0.934936
Dirac,2.797389,0.042122
Minkowski,2.531481,0.914942
denominator,2.395733,-1.294722
centre,-1.387389,-0.883272
Lagrange,1.11111,1.121838
hull,-0.65092,-0.579182
bipartite,3.301916,-0.344101
linearly,2.585906,-2.122914
outer,0.471908,-2.086491
interpolation,2.029735,-0.401238
dot,0.301075,-1.091915
simulation,1.208638,-1.862973
congruence,3.435044,-0.450615
summation,2.404643,-0.644401
substitute,-0.379044,-0.556486
width,1.543595,-1.943181
Klein,-0.928377,1.108093
semisimple,4.161133,-0.014214
congruent,2.850634,-1.147516
converse,0.107096,-0.040798
torsion,2.83322,-1.181032
clique,1.311533,0.021856
divisible,2.685599,-0.67917
compose,-0.795395,-0.644548
honeycombs,3.482671,1.405708
median,1.498923,-1.135006
predict,0.537118,-2.022434
Möbius,2.450609,1.173734
simplicial,4.268539,0.032433
Jacobi,0.891124,1.773526
embedding,3.158098,-0.834043
integrate,0.369873,-2.287449
decide,-2.055964,-0.970894
cosine,3.52249,-0.782892
hexagonal,2.316007,-1.02856
joint,-0.811292,-1.57729
algebraically,3.315987,-0.469647
convergent,2.209232,-1.464914
propositional,3.640215,-1.029101
solvable,3.414767,-0.516957
commute,0.457006,-0.581843
dodecahedron,3.683736,0.616502
substitution,1.576791,-1.766481
deterministic,2.749234,-1.746246
data,1.056162,-1.605108
Hodge,-1.363113,1.185701
tessellation,3.552655,-0.024757
covariance,3.289123,-1.256409
bilinear,3.777833,-0.662096
Fibonacci,2.65451,0.437078
Frobenius,2.839391,1.104729
Peirce,1.27302,1.305604
Cayley,1.626817,1.861476
evaluation,0.401731,-2.171942
irrational,1.948778,-1.22594
composite,0.940881,-1.630816
noise,0.445994,-2.096298
Hamilton,-2.407078,0.631102
walk,-1.561475,-1.109574
recursion,2.972524,-0.960506
likely,-0.602936,-2.437576
radical,-0.094395,-1.151862
slope,0.59749,-1.881685
cylinder,1.450989,-1.359827
multiplicity,2.219393,-1.020746
computing,1.262877,-1.476134
expectation,-0.121799,-2.199141
factorial,3.047561,-0.133929
recurrence,1.876212,-1.743315
lambda,1.444035,0.279384
neighbor,-1.060325,-0.832453
hyperplane,3.600899,-0.665297
quantifier,3.781376,-0.913008
signature,-0.078896,-1.292544
mode,0.721215,-2.256058
logarithmic,3.079176,-1.101068
tuple,2.6984,-0.557916
transfer,-1.012867,-1.329069
accuracy,1.071249,-2.503937
depth,0.290725,-2.283665
pyramid,0.175289,-0.914237
equip,0.621668,-1.688713
Hopf,2.797185,1.448059
noetherian,3.975486,0.272847
continuum,1.13197,-0.48206
angular,2.265671,-2.334763
Legendre,2.067973,1.748747
probabilistic,2.866623,-1.352294
archimedean,3.409543,0.532745
normalize,1.92672,-1.71325
parametric,3.067934,-1.365735
facet,1.330115,-1.595576
completeness,2.642937,-1.17299
Weil,0.309157,1.507665
descent,-1.423788,0.141121
ellipse,2.515329,-0.357293
precision,1.263864,-1.829982
Ramanujan,2.333399,1.691119
icosahedron,3.63353,0.31307
Dedekind,3.02296,1.991566
hyperbola,3.027699,1.658149
negation,2.83299,-1.186582
contradiction,1.35055,-1.379434
bijection,3.708238,-0.197923
divergence,1.600912,-1.424341
groupoid,4.143124,1.391889
nilpotent,3.959126,0.153821
similarity,0.440658,-1.810069
stationary,1.439869,-1.996922
orthonormal,3.560018,-0.403566
spiral,1.0629,-1.43832
reciprocal,1.783249,-1.80414
overlap,0.713574,-2.064419
decompose,1.950556,-2.208151
implicit,1.893644,-2.229294
surjective,4.143054,-0.353363
covariant,3.560781,-0.464476
separation,0.26891,-2.195302
subalgebra,4.125408,0.187345
parabola,2.936325,0.660005
Russell,-2.390068,0.8352
graphic,0.024096,-1.032033
laplacian,3.563886,-0.046997
subtraction,2.078778,-0.053453
nontrivial,3.385915,-0.820192
Kepler,2.045238,0.203015
exhibit,-0.321541,-1.595138
weakly,2.365263,-1.999333
consistency,1.345938,-2.242178
neighbourhood,-0.519579,-0.334597
implication,0.637025,-2.150462
Ricci,0.416466,1.837013
diophantine,3.851772,0.329881
homeomorphism,3.793675,-0.190926
Schur,1.926253,1.416951
lagrangian,3.267731,-0.972653
ZFC,3.175078,2.052853
recursively,3.184769,-0.790085
reasoning,1.60081,-1.803083
independence,-1.477859,-0.9607
equilateral,3.099344,-0.08064
pentagonal,2.714829,-0.028833
chord,1.041652,-1.016704
subtract,1.837994,-1.442864
transcendental,2.20926,-0.374662
octahedron,3.458469,0.208116
transpose,1.843867,-0.594144
covering,1.67461,-1.739846
Tarski,3.000309,1.501465
maximize,1.312351,-3.051194
chromatic,2.110012,-0.59913
postulate,1.461982,-0.924324
rectangular,1.396358,-1.863999
trial,-1.351119,-1.079686
geometrical,2.25868,-1.521718
involution,3.083469,0.269569
Weierstrass,3.297695,1.337949
symbolic,0.71901,-1.677332
counterexample,2.695469,-0.285065
uniqueness,1.561195,-1.277391
proportion,0.397694,-2.38925
eliminate,-0.687869,-1.203574
poset,3.712496,0.88776
midpoint,1.440148,-0.664198
Pascal,0.415814,1.058151
countably,4.112168,-0.562078
hexagon,2.158172,0.013754
hypergeometric,3.982718,0.224934
atomic,0.725671,-1.417684
bias,0.990808,-2.297531
constructive,1.224463,-1.502152
significance,-0.186358,-1.818444
weighted,1.835981,-1.089484
multivariate,3.292084,-0.686893
iterative,2.690788,-1.572455
Peano,2.981134,1.488544
cryptography,2.499771,-0.541185
nonnegative,3.586427,-0.492665
Abel,-1.004407,1.420065
differentiation,1.867233,-2.289492
categorical,2.78624,-1.342612
Kolmogorov,3.091062,0.907423
minus,0.66235,-0.507927
Hardy,-1.339006,0.510626
Hadamard,3.243552,0.476225
endomorphism,4.029725,0.291226
nonempty,3.744625,-0.161041
undirected,3.611451,-0.523456
continuously,-0.146488,-1.98679
elimination,-0.182261,-1.247993
Fréchet,2.982988,1.781665
conjunction,-0.215383,-1.335229
homeomorphic,4.131921,-0.033805
discriminant,3.645121,-0.285988
Lorentz,2.41649,0.114426
axiomatic,3.112461,-0.198578
deduce,0.874175,-0.620231
jacobian,3.483525,-0.28959
supervision,-0.473661,-0.488381
polyhedral,3.789605,-0.484438
inscribe,0.717591,-0.337473
idempotent,3.792702,0.082322
Nash,-1.310144,0.587792
pentagon,0.152039,-0.336651
topologically,3.410371,-0.831219
automaton,2.572532,-0.515507
submanifold,4.125518,0.166384
corollary,2.029872,-0.542934
normally,0.097591,-2.840821
rigid,1.562942,-2.349911
norme,3.256946,0.822543
confidence,-0.359614,-1.709626
triangulation,2.605416,-0.386454
monotone,2.689828,-0.018887
diffeomorphism,3.794154,-0.657407
cumulative,1.105313,-1.597912
coprime,3.90539,0.027298
dominate,-0.690279,-1.540237
deformation,2.344853,-2.429066
unbounded,2.763945,-0.311336
pointwise,3.85833,-0.471635
spline,3.374704,-0.160426
bound,1.159585,-0.091327
analytical,1.328635,-1.347807
compass,0.729461,-0.933394
induced,2.405478,-2.007297
Serre,1.331971,1.576602
transport,-0.688997,-1.464865
distributive,2.579082,-0.41885
trigonometry,2.908529,0.32642
dihedral,2.875012,-1.073453
residual,1.729063,-2.405257
fifth,-1.625728,-0.64864
geometrically,2.802712,-1.401194
Kronecker,3.175483,1.219848
monomial,3.784884,-0.334672
posterior,2.512236,-2.035814
Pearson,-1.395122,0.890195
fibration,4.232522,1.130142
hundred,-1.312614,-1.644093
sparse,1.439018,-1.818903
logistic,0.438483,-1.278651
parabolic,2.692268,-1.27526
connected,1.041568,-1.235902
learning,0.505163,-1.873106
sequential,1.643247,-1.459838
million,-0.926413,-1.504177
parallelogram,3.258443,-0.231687
randomly,0.965646,-1.951067
monoidal,4.323725,0.020219
computability,3.397406,0.73297
orthoplex,3.42704,1.650764
ergodic,3.490802,0.081548
noncommutative,3.694306,0.392139
commutator,3.062661,-0.176382
constructible,3.561459,0.468017
supremum,3.509048,0.732403
Archimede,2.235012,0.371785
formalism,2.570516,-0.495837
inductive,2.90601,-1.315659
Noether,2.954134,1.457959
hypergraph,3.991886,-0.108644
identification,0.354384,-2.252243
tetrahedral,3.210782,-1.177104
heuristic,2.596189,-1.643009
Kleene,2.987173,1.38655
membership,-1.052284,-1.54321
uncountable,3.37911,-0.32613
reflexive,2.66873,-0.735944
Chebyshev,3.689907,0.675677
antiprism,3.999885,1.168392
compactness,3.197693,-0.817464
revolution,-1.282308,-0.726943
spread,-0.38648,-2.250423
indeterminate,1.711848,-0.806565
perturbation,2.695142,-1.818175
numerator,3.194674,-0.739349
pullback,3.492159,0.670343
brownian,3.120333,-0.293837
Shannon,-1.415218,1.098824
mesh,2.083195,-1.912695
rotational,2.075373,-1.634926
asymptotically,3.092549,-1.351538
algorithmic,2.542041,-0.999576
invariance,3.009302,-0.910661
quadrature,3.602858,-0.339079
Zermelo,3.445713,1.541007
coset,3.582568,0.790202
intuitionistic,3.807426,0.510038
piecewise,3.868505,-0.860395
significantly,-0.150899,-2.862489
conjugacy,3.89865,-0.031466
exponentiation,3.984464,-0.327708
variational,3.471068,-0.264458
Bayes,2.373187,0.69084
orientable,3.918651,0.286862
Scott,-2.621558,0.589559
replacement,-0.729779,-1.216889
hypercube,3.29321,0.142652
Liouville,3.160007,0.562296
bijective,3.82056,-0.060216
complementary,1.215257,-2.177896
cotangent,4.508782,-0.189947
Schwarz,-0.297684,1.882505
conjugation,2.603428,-1.235122
Hermite,3.263346,1.087732
hypersurface,3.791329,-0.203331
perimeter,0.517885,-1.453123
homological,3.976591,0.674224
threshold,0.839582,-2.270881
truncation,2.693272,-0.554167
modal,2.037272,-1.087659
Zariski,3.628934,1.450255
incomplete,0.227278,-1.103117
Lipschitz,2.911052,1.879977
moduli,3.644141,0.87538
ellipsoid,3.095836,-0.390466
rhombic,3.600464,0.269239
Ramsey,-1.139581,1.175873
acyclic,3.395171,-0.718675
atlas,-0.150808,0.012396
adjacency,3.43282,-0.56845
indicator,0.987798,-2.683303
twenty,-1.58937,-1.179881
chaos,0.106787,-0.967719
concave,2.462735,-1.729443
undecidable,3.624081,-0.13972
submodule,4.11921,-0.126033
Wilson,-2.453066,0.419479
isometric,2.551277,-0.679143
automorphic,3.604487,0.596643
reciprocity,2.058388,-1.067605
enumeration,2.350164,-0.493192
scaling,2.498744,-1.893057
martingale,3.706519,0.517421
conversion,0.121225,-1.725725
deduction,1.411199,-1.616031
invert,1.657716,-1.409975
provable,3.41631,-0.451625
Baire,2.77894,1.976225
seminorm,4.444566,0.713519
Sobolev,2.570905,2.149055
diverge,0.958218,-1.392225
reducible,3.349196,-1.166827
Riesz,3.503751,1.757202
metrizable,4.859568,-0.540343
penrose,0.76188,1.375324
centroid,3.302586,-0.295642
curved,1.821848,-2.014549
forest,-1.294363,-1.260968
isolated,0.329699,-1.999153
Schmidt,-0.898381,1.381601
ultrafilter,3.957792,1.638444
primality,3.888682,1.558083
continuation,-0.093892,-0.876034
demonstration,-0.57652,-1.556643
ternary,2.883802,-0.687837
compactification,3.568982,1.334063
cylindrical,2.215631,-1.895414
randomness,3.026686,-0.948529
twelve,-1.284327,-1.071175
arithmetical,3.425722,-0.532559
octahedral,3.22376,-0.740863
abstraction,1.517937,-1.1933
leaf,0.583201,-1.450917
stabilizer,2.449576,-1.726175
Bourbaki,2.138404,2.38049
disjunction,3.16188,-0.403266
trivially,2.99542,-0.733369
codimension,3.789171,0.393648
tangential,2.996252,-1.278758
secant,4.182384,0.301532
Catalan,-0.07584,0.396094
codomain,4.354317,-0.548331
differentiate,0.920792,-2.298018
