word,1,2,3
number,-0.208772,0.030004,4.662745
function,0.374065,-1.322854,4.441826
one,0.384546,-0.302237,5.194789
set,-0.067948,-0.993346,4.756572
group,-0.802378,-0.22631,4.057382
space,-0.466101,-1.094406,4.421329
two,-0.180901,-0.231463,4.928566
theory,1.201027,0.653462,3.99039
point,-0.551605,-0.842358,4.553069
theorem,0.347603,-0.04152,3.278049
example,0.35501,-0.633462,4.5477
form,-0.385247,-0.896516,4.531789
define,-0.101232,-1.441188,4.641051
graph,-0.478531,-0.600029,3.349585
value,0.333494,-1.205287,4.419752
problem,1.563134,-0.043591,3.717876
mathematic,1.753134,2.279194,3.782771
order,-0.306003,-0.44866,4.260443
equation,0.882979,-0.465284,3.417564
first,0.832101,0.969091,4.387407
vector,-0.426977,-1.726985,4.197865
algebra,-0.325215,0.034429,3.490347
$\mathbb{N}$,-1.695216,-0.922612,4.320832
field,0.657991,-0.375436,3.98027
element,-0.74765,-0.964116,4.363049
system,1.647196,-0.173294,3.597875
matrix,-0.016437,-1.368541,3.715855
mathematical,2.166587,2.509598,3.683966
method,1.949393,-0.245461,3.318844
finite,-0.318772,-1.190242,4.157162
result,1.019771,-0.240124,4.102805
vertex,-2.034714,-0.315894,3.887977
term,0.724625,-0.775799,4.091245
line,-0.826856,-0.4914,3.812463
model,1.774157,-0.416844,3.332228
real,-0.181332,-1.035727,4.340842
property,0.450612,-1.3988,4.05121
geometry,0.279064,1.109258,3.506056
complex,-0.160208,-0.742657,3.991787
linear,0.493061,-0.990257,4.016958
polynomial,-0.117008,-1.059971,3.470599
algorithm,1.518019,-0.486886,2.894527
mathematician,1.855286,3.597978,2.661297
definition,0.566292,-0.858708,4.083732
product,-0.445844,-1.24247,3.923918
state,1.065291,0.769811,3.390109
sequence,-0.52448,-0.985506,3.584042
distribution,0.814732,-1.570478,3.160597
variable,0.704569,-1.306824,3.753995
solution,0.950583,-0.792401,3.696368
square,-0.933085,-0.660723,3.658589
map,-0.557184,-1.712773,3.673714
class,-0.022395,-0.421113,3.671836
integer,-0.631265,-1.004065,4.228903
mean,0.432301,-1.151635,3.982472
proof,1.08542,0.194907,3.444105
three,-0.451443,0.395625,4.100589
dimensional,-0.720386,-0.810123,3.909975
zero,-0.224504,-1.3949,4.067914
algebraic,0.26789,0.274864,3.599045
formula,0.411957,-0.865188,3.287956
ring,-0.94716,-1.37284,3.384606
edge,-1.65006,-0.655319,3.604248
sum,-0.575887,-1.21636,3.967457
plane,-1.189729,-0.62433,3.641763
analysis,1.820963,0.769014,3.312774
dimension,-0.820738,-0.429786,3.861217
curve,-0.359688,-1.009001,2.981857
type,0.284917,-0.621581,3.420656
operator,-0.050073,-1.161968,3.155178
prove,0.535219,0.443376,3.236426
probability,1.101402,-0.247521,3.398597
structure,0.421447,-0.932678,3.506405
representation,-0.310967,-0.827702,3.507229
series,0.33539,0.359747,3.361199
prime,-1.119493,-0.247492,3.115411
measure,0.72989,-1.164523,3.40481
equal,-0.742822,-0.97164,4.035877
lie,-0.91814,-0.518297,3.553539
manifold,-0.648406,-0.83824,3.02708
degree,-0.387942,0.696355,3.738496
differential,0.756371,0.211997,3.331332
$\mathbb{C}$,-1.719164,-0.783449,3.499232
regular,-2.206595,0.625075,3.429814
second,0.28922,0.43912,3.704459
triangle,-1.58199,-0.195528,3.11855
subset,-0.860988,-2.09341,3.947223
circle,-1.089664,-0.333364,3.234654
relation,0.161781,-1.113106,3.548971
positive,-0.291417,-1.524959,4.009985
simple,0.482534,-0.936185,3.953944
topology,-0.083352,-0.210511,3.150228
category,-0.248724,-0.963472,2.761682
surface,-0.510504,-0.89027,2.866703
constant,0.072212,-1.34021,3.487759
application,1.451943,0.501663,3.340275
integral,0.299074,-0.949085,3.225903
coordinate,-0.735744,-0.975777,3.216125
complete,0.174739,0.104856,3.421627
root,-0.48238,-0.681669,3.5894
length,-0.893423,-0.851834,3.601725
continuous,-0.198364,-1.902342,3.527297
logic,1.370689,0.41928,2.426195
external,0.359667,2.154711,3.031075
side,-1.167115,-0.366138,3.395323
unit,-0.22577,-0.51941,3.336633
equivalent,-0.030133,-1.525073,3.699751
conjecture,0.2497,0.331946,2.139218
infinite,-0.333623,-0.894295,3.637946
operation,0.489253,-0.684911,3.401796
angle,-1.227429,-0.835904,2.939052
random,0.989011,-1.274549,3.241397
basis,-0.113021,-1.081029,3.391022
natural,0.549755,-0.601158,3.666892
power,0.217879,-0.591667,3.423892
area,0.230141,0.058408,3.308419
open,-0.227809,-0.369029,3.391688
solve,1.337497,-0.306876,3.204996
pair,-0.808759,-0.870069,3.598943
hold,0.431006,0.650228,3.431996
limit,0.459679,-1.357378,3.521891
special,0.336004,-0.342076,3.663712
generate,-0.442817,-1.132194,3.505041
coefficient,-0.138341,-1.489668,3.212666
standard,0.856808,-0.352353,3.219231
identity,-0.393488,-0.776973,3.257471
four,-0.518458,0.623866,3.476022
rule,0.783359,-0.66835,2.874519
topological,-0.13427,-1.096614,3.301492
computer,2.212581,1.308715,2.886721
derivative,0.372749,-1.471003,3.172411
symmetry,-1.537971,-0.102992,2.756373
compact,-0.921057,-1.752637,3.366495
factor,0.103242,-1.038586,3.331052
family,-0.078022,0.34031,3.027382
transform,0.537661,-1.238752,2.640409
convex,-1.062187,-0.789665,2.99228
domain,-0.019873,-1.442009,3.431504
subgroup,-1.508441,-1.393616,2.909327
construct,-0.30795,-0.330522,3.374587
axiom,0.453579,-0.55889,2.671857
construction,-0.242155,-0.079063,3.234276
therefore,-0.096586,-1.166634,3.849065
compute,0.630326,-0.658695,3.276733
normal,-0.024268,-1.368117,3.189266
distance,-0.290468,-0.960965,3.008328
notation,0.348781,-0.004314,2.949591
parameter,0.752201,-1.66217,3.270525
euclidean,-0.607809,-0.478988,3.444625
symmetric,-0.675497,-1.416967,3.296592
metric,-0.070678,-1.410044,2.866786
test,1.361914,-0.59991,2.392225
bundle,-1.135368,-1.50465,2.651138
center,-0.782804,0.537258,2.961853
symbol,-0.334834,-0.307793,2.93192
projective,-0.910485,-1.190104,3.086746
sphere,-1.113769,-0.627272,3.026393
interval,0.060496,-1.391875,3.146378
single,0.438347,-0.955224,3.331712
geometric,0.654893,-0.116315,3.262424
ideal,-1.058718,-1.426834,3.117906
dual,-1.401349,-0.747556,3.074442
module,-0.894061,-1.561505,2.773932
invariant,-0.324261,-0.960098,2.978763
$\mathbb{Q}$,-1.647844,-1.156332,3.071997
index,-0.394607,-0.595846,3.103758
information,2.243395,0.12722,2.841825
transformation,-0.177017,-0.906997,3.012472
extension,-0.078771,-0.930342,3.161171
direct,0.059264,-0.939779,3.268776
uniform,-1.840584,0.273519,2.772037
path,-0.088445,-1.060846,3.070041
negative,0.182949,-1.47912,3.469922
image,-0.600608,-0.426976,2.619428
member,1.157966,2.285253,2.67708
inverse,-0.030308,-1.618418,3.23204
step,0.550822,-0.49544,3.140042
independent,0.713127,-1.241643,3.365517
arithmetic,0.889982,-0.050134,3.083705
position,0.619476,0.642496,3.109525
calculus,1.290346,0.430077,2.529166
rational,-0.359224,-1.109822,3.431839
law,1.228033,-0.195614,2.627507
tree,-0.03326,-1.00167,2.482446
component,-0.006274,-1.598144,3.245033
lattice,-0.899043,-0.766781,2.673831
inequality,0.278523,-0.660407,1.951237
volume,-0.51672,1.375767,2.880556
section,-0.31846,0.400109,2.990863
add,-0.01919,-0.257376,3.294855
$\mathrm{e}$,-1.775669,-0.352738,2.777321
fundamental,0.264009,-0.180449,3.292913
game,1.333246,0.132439,2.155964
polytope,-2.31625,1.172765,2.500011
smooth,-0.620315,-1.639209,3.271078
partial,0.416528,-0.486122,3.182778
extend,0.1428,-0.562086,3.22107
multiplication,-0.010444,-1.064538,3.227619
boundary,-0.145745,-1.140408,2.97567
local,0.484169,-1.31765,2.889065
node,-0.241842,-0.29676,2.555454
develop,1.85691,1.085151,2.759794
difference,0.663057,-0.733342,3.229726
statement,0.773692,-0.700248,3.183939
tensor,0.109694,-1.510329,2.593673
discrete,0.585743,-0.619814,2.959167
variety,-0.489853,-0.727863,2.786561
generalize,0.181311,-0.709959,2.93164
sample,1.064591,-1.498625,2.830355
statistic,2.102889,0.507031,2.539934
axis,-1.041297,-1.041193,2.781665
hyperbolic,-1.376475,-0.175032,2.594576
rotation,-0.867567,-1.062825,2.858038
Hilbert,0.176142,0.040817,2.792021
digit,-0.910114,0.165294,2.633255
intersection,-0.9023,-1.014963,3.190337
addition,0.277886,-0.555618,3.411917
expression,0.541024,-1.174174,3.374543
Student,1.696684,2.109414,2.599833
approximation,1.111806,-0.690173,2.807535
$\mathbb{Z}$,-2.018616,-1.092553,3.067136
mathematics,1.110723,3.389416,2.392943
code,0.717857,-0.362885,2.271798
rank,-0.209866,-0.677092,2.915717
characteristic,0.061117,-1.102507,3.255668
binary,-0.197836,-1.196386,2.909629
closed,-0.858615,-2.100501,3.441719
tangent,-1.097641,-1.267223,3.013925
diagram,-0.430652,-0.409696,2.535497
divide,-0.974401,-0.392706,3.333386
functional,0.771055,-0.406717,2.801954
abelian,-0.63824,-1.234539,2.888282
odd,-0.93326,-1.03977,3.34486
action,-0.064053,-1.217207,2.941579
tiling,-2.54491,0.218493,1.938531
ratio,-0.035976,-1.064318,2.730229
program,1.845621,0.775452,2.44821
quadratic,-0.156079,-1.154662,2.9939
cube,-1.923616,0.455595,2.633595
cycle,-0.663955,-0.802027,2.891426
figure,-1.271602,0.394854,3.049842
argument,1.106115,-0.612406,2.908539
Riemann,-0.125006,-0.455429,2.539133
Euler,0.16717,0.184527,2.608952
calculate,0.768375,-0.601484,3.060753
shape,-0.064908,-0.648785,2.711267
formal,1.225757,-0.351401,2.975167
derive,0.63346,-0.432303,2.998578
statistical,2.662884,0.432352,2.439279
network,2.055525,-0.542999,1.95754
estimate,1.425796,-1.33403,2.732396
norm,-0.594469,-1.661363,2.714066
polygon,-1.546782,-0.339758,2.680059
permutation,-1.074179,-0.42614,2.859439
world,1.779496,1.632438,2.601779
maximum,0.395216,-1.54685,2.864661
equivalence,-0.034462,-1.297925,2.995867
parallel,-0.306784,-0.822006,2.679354
numerical,1.917137,0.385826,2.614521
orthogonal,-0.743435,-1.366724,3.015079
isomorphic,-1.514546,-1.614423,3.199122
connection,0.399957,-0.911763,2.805281
locally,-0.638463,-2.304159,2.948271
existence,0.814353,-0.827409,2.956924
complexity,1.439342,-0.28856,2.508178
isomorphism,-0.522548,-1.675428,3.058085
commutative,-0.603977,-0.840173,2.787112
quotient,-0.966455,-1.446159,3.236341
half,-0.778414,-0.07428,3.189881
decomposition,-0.010959,-1.220232,2.348681
density,0.629555,-1.746181,2.64536
affine,-0.868097,-1.388996,2.862158
arbitrary,-0.075145,-1.535842,3.567289
morphism,-0.943525,-2.218132,2.87212
scale,0.617681,-0.925459,2.654151
suppose,-0.306516,-1.11108,3.302163
increase,1.248211,-1.003506,2.854881
projection,-0.882493,-0.663516,2.474653
partition,-0.346739,-1.205525,2.869665
exponential,0.692965,-1.41627,2.815671
range,0.720714,-0.860689,2.847015
subspace,-1.002241,-1.672445,3.029701
support,1.041767,0.103458,2.473448
diagonal,-1.143546,-0.905201,2.965019
computation,1.401402,0.142706,2.853395
curvature,-0.252281,-1.420897,2.429008
flow,1.085052,-1.142094,2.053314
analytic,0.710353,-0.349824,2.792419
chain,0.041851,-0.95882,2.616617
cohomology,-0.468387,-0.968391,2.044902
trivial,-0.62584,-1.605031,3.310119
converge,-0.062463,-2.348814,2.900945
lemma,0.231113,-0.698576,1.964241
origin,-0.356564,-0.249424,3.051928
convergence,0.734677,-1.481509,2.517434
division,0.606161,-0.509817,2.589936
union,0.074061,0.138767,2.655319
empty,-0.852857,-1.446507,3.151788
computational,2.428738,0.629469,2.644867
functor,-0.643688,-1.85332,2.217716
fraction,-0.103568,-0.409116,2.625638
source,1.226368,0.487204,2.522722
eigenvalue,-0.347167,-1.688276,2.85354
translation,-0.048381,0.927575,2.488367
hypothesis,1.308683,-0.909346,2.379353
scalar,-0.285011,-1.909563,3.049255
coxeter,-2.368259,1.703982,2.261501
third,-0.181136,0.688032,2.915454
Fourier,0.699025,-0.758124,2.347515
bit,-0.450685,-0.375847,2.17242
exact,0.422996,-0.859018,3.017784
elementary,0.623737,0.102664,2.840132
maximal,-1.105535,-1.799322,2.906639
radius,-1.283736,-0.927005,2.662976
homomorphism,-1.235816,-2.17132,2.968948
identify,0.060189,-0.445818,2.905778
distinct,-1.032054,-0.786174,3.285863
minimum,0.150392,-1.576221,2.758683
development,2.400384,1.067535,2.623201
ordinal,0.082473,-1.617355,2.150925
homotopy,-0.272349,-0.985925,2.265184
elliptic,-0.024477,-0.59161,2.424832
mapping,-0.388141,-1.306705,2.686913
alternative,0.767087,-0.567302,2.796681
rate,1.261877,-1.125216,2.207439
character,-0.329021,-0.657231,2.33401
central,0.208995,0.136567,2.659996
irreducible,-0.975868,-1.929641,3.026995
principal,-0.177019,-0.737196,2.683959
count,-0.00384,-0.450632,2.710434
finitely,-0.552125,-1.669904,2.943167
kernel,0.257005,-1.524049,2.263681
infinity,-0.108077,-0.749685,2.929188
calculation,1.452072,-0.16131,2.696506
draw,-0.021062,-0.14707,2.564037
divisor,-1.263429,-1.146807,2.937374
pattern,0.618686,-0.251175,2.183652
average,0.849086,-1.149433,2.500497
knot,-0.50189,-0.309274,1.622091
assumption,1.602896,-1.382821,2.737662
expansion,0.157781,-0.775755,2.557253
frequency,1.136917,-1.487103,2.079253
dynamic,2.140238,-0.001094,2.182378
canonical,-0.208544,-1.689665,2.689544
minimal,-0.334798,-1.216337,2.620305
segment,-1.162384,-0.679964,2.685818
sheaf,-0.461578,-1.736942,1.93883
approximate,1.027015,-1.431051,2.85005
combination,-0.004744,-0.898207,3.10753
relative,0.629218,-1.212101,2.580238
programming,1.628179,0.080622,2.149365
optimization,2.023271,-0.115386,1.999114
variation,0.914703,-0.616002,2.655575
frame,0.088356,-1.142507,2.120628
variance,1.130855,-2.136405,2.273684
branch,0.366621,-0.048693,2.761615
boolean,0.288196,-1.153906,2.324425
harmonic,0.138342,-0.794349,2.500824
optimal,1.526835,-1.146538,2.354277
ordinary,0.494173,-0.788747,2.879393
polyhedron,-1.834962,-0.064666,2.211287
singular,-0.48671,-1.296362,2.713675
filter,0.984365,-1.597476,1.917158
automorphism,-1.178155,-1.377575,2.57129
absolute,0.211049,-1.710491,2.778473
constraint,1.112229,-1.415496,2.433257
relationship,1.278215,-0.684542,2.760839
multiply,-0.746768,-0.584227,2.883332
decision,2.241929,-0.550087,2.170044
six,-0.804506,0.641821,2.764217
homogeneous,-0.265173,-1.416336,2.856112
cyclic,-1.301047,-1.220011,2.78206
stochastic,1.799259,-0.523885,2.019697
Banach,-0.215075,-0.493877,2.285527
spherical,-0.653008,-0.667724,2.190746
riemannian,-0.409861,-1.102072,2.242574
cardinal,0.1894,-1.19296,1.485699
generator,-0.452108,-0.934152,2.552549
cubic,-1.666181,-0.285958,2.264439
closure,-0.585525,-1.495638,2.77683
necessary,1.174125,-0.890399,3.151261
inner,-0.5938,-1.517885,2.821245
complement,-0.683926,-1.142482,2.686711
planar,-1.238551,-0.916695,2.226997
stable,0.389209,-1.394972,2.276012
induce,-0.703317,-2.058813,2.779042
Hausdorff,-0.765675,-0.864314,2.03162
cartesian,-1.158209,-0.58135,2.681177
logical,1.19112,-0.727105,2.061739
alternate,-1.815186,0.008458,2.327194
gaussian,0.697738,-1.575183,2.398858
composition,-0.391187,-1.156722,2.731428
ball,-0.785781,-0.225431,2.165294
triangular,-2.578392,-0.237743,2.292339
Newton,1.243229,0.658384,2.084117
classification,0.674921,-0.311041,2.199973
reflection,-1.005942,-0.648364,2.557099
differentiable,-0.164646,-1.917957,2.707677
loop,-0.280531,-0.675432,2.177277
population,1.671348,-0.762984,2.078574
opposite,-1.4248,-0.68217,2.721057
determinant,-0.543983,-1.266002,2.445054
intersect,-1.760675,-0.81093,2.768381
conjugate,-0.576808,-1.877476,2.706556
modular,-0.38182,-0.584328,2.184255
logarithm,0.244256,-0.801638,2.429825
countable,0.076882,-2.273663,2.529424
reduction,0.604263,-1.059222,2.222078
spectral,0.321447,-0.799315,2.117118
homology,-0.190227,-0.976805,1.747033
Cauchy,0.315279,-0.402938,2.028536
Galois,-0.297695,-0.386944,2.073093
NP,0.381111,-0.820402,1.873007
separate,0.124301,-0.669796,2.714192
decimal,-0.749582,0.226197,2.187665
neumann,0.182276,0.524003,2.028297
trace,-0.276503,-0.922045,2.493472
integration,1.046811,-0.941596,2.316111
criterion,1.337231,-0.966844,1.884812
primitive,-0.378279,-1.001262,2.560545
global,0.687437,-0.764444,2.156351
modulo,-1.660504,-0.755856,2.860291
strategy,1.45313,-0.99998,1.917049
equality,0.489284,-0.98658,2.899
holomorphic,-0.579566,-1.613861,2.362551
infinitely,-0.14623,-0.911243,2.843996
Gauss,0.65064,0.346852,1.85248
nonzero,-1.194366,-1.91332,3.378675
quaternion,-0.490116,-0.362777,2.08217
regression,1.865777,-1.705134,1.701874
neighborhood,-0.758493,-1.432816,2.434246
correspondence,0.14747,-0.200666,2.079537
adjoint,-0.723523,-1.890629,2.678513
variant,0.846971,-0.632567,2.156729
disjoint,-1.126929,-1.479723,2.982948
distribute,0.661954,-1.441037,2.156172
evaluate,0.741927,-1.228462,2.580816
additive,-0.119974,-1.120543,2.431316
unknown,0.661157,-0.536372,2.718378
span,-0.70079,-0.926455,2.56785
combinatorial,0.908118,0.303315,2.340026
matroid,-0.045015,-1.456685,1.525833
orbit,0.042241,-1.055974,1.934691
cone,-0.986205,-1.526831,2.174654
truncate,-3.019091,0.846645,2.052652
flat,-0.447181,-1.551115,2.330792
simplex,-2.459642,0.5221,2.103967
interior,-1.049216,-1.016373,2.66448
arc,-1.038719,-0.680929,2.27665
Dirichlet,0.294774,-0.604797,1.988377
moment,0.399212,-1.606297,2.1067
unitary,-0.906014,-1.611879,2.380975
iteration,0.164404,-0.526776,2.209068
factorization,0.1388,-0.905618,2.216512
split,-0.645167,-1.02388,2.591974
Poincaré,-0.121585,0.547572,1.889201
Poisson,0.783569,-1.228799,1.905476
entropy,1.408116,-1.125494,1.661677
sufficient,1.034935,-0.995971,2.646106
restriction,-0.056498,-1.358425,2.756847
orientation,-0.381466,-1.581592,2.474938
recursive,0.851903,-0.945047,2.078831
prior,1.43128,-0.757868,2.030262
truth,1.191857,-0.98136,2.141911
hamiltonian,0.737536,-1.220377,1.997794
proposition,0.206673,-0.133087,2.102797
spectrum,-0.039161,-1.183035,2.02473
significant,1.304386,0.178189,2.616264
duality,0.231259,-0.901671,1.97144
exponent,-0.088268,-0.984981,2.704903
states,2.393275,2.758584,1.534342
asymptotic,0.94435,-0.775735,2.323478
correlation,0.934379,-1.446958,1.923601
estimator,1.166259,-2.022805,1.510547
critical,0.864822,-0.216981,2.170126
characterize,0.395514,-0.948872,2.652554
translate,0.257601,1.29361,2.077768
geodesic,-0.346174,-1.273307,1.904422
semigroup,-0.479671,-1.120587,1.701989
explicit,0.868196,-0.833525,2.597801
periodic,0.356984,-1.308271,2.19798
singularity,-0.003525,-0.642973,1.950092
numeral,0.889016,0.178205,1.185034
measurable,-0.178296,-2.222394,2.427595
null,0.090465,-1.513417,2.044732
fiber,-0.811261,-1.209618,2.281823
tile,-1.769149,0.135875,1.854311
classify,0.048489,-0.751462,2.458498
transitive,-1.227404,-1.549648,2.371678
restrict,0.27118,-1.28614,2.817144
Laplace,0.356467,-0.26807,1.786733
differ,0.55351,-0.679801,2.711896
multiplicative,-0.644108,-1.487044,2.67063
round,0.047196,0.020825,1.930641
tetrahedron,-2.439763,0.539909,2.325063
expand,0.064144,0.30776,2.444536
Cantor,0.241347,0.125823,1.63828
Borel,-0.36116,-0.900509,1.858679
Fermat,0.041807,0.30648,1.838408
nonlinear,1.610609,-0.289329,1.816527
Markov,1.262904,-0.393417,1.591164
torus,-1.532351,-1.124751,2.145836
dynamical,1.609821,0.144183,1.879472
compound,-1.564246,0.221588,1.664293
height,-0.745609,-0.971158,2.071077
adjacent,-1.249321,-0.445731,2.526707
comparison,1.061103,-0.685183,2.247326
paradox,1.619627,0.173405,1.342468
dependent,1.344258,-1.454781,2.40688
log,-0.240885,-1.68459,1.95384
$\mathbb{zeta}$,0.128167,-1.182418,1.495417
fit,1.050039,-1.219449,2.195874
cardinality,-0.357037,-1.638429,2.37817
coloring,-0.628201,-1.020569,1.913822
polar,-0.822708,-1.242159,2.161501
uniformly,-0.419427,-2.067793,2.615846
Weyl,-0.206363,-0.306225,1.668729
tend,-0.092531,-1.287,2.350578
symplectic,-0.02171,-0.808593,1.82202
combinatoric,0.975665,0.534145,2.000294
induction,0.549003,-0.683175,2.242264
Lebesgue,-0.11013,-0.956403,1.990587
perpendicular,-1.678244,-0.907111,2.36024
decrease,0.435895,-1.651113,2.392448
binomial,0.513877,-1.168289,2.167277
net,0.172884,-0.726633,1.58042
dense,-0.678323,-2.023171,2.606952
integrable,0.224675,-1.730494,2.030223
outcome,1.416008,-1.401884,2.309712
conditional,1.28245,-1.74302,1.889726
quadrilateral,-1.713228,-0.67374,1.758909
injective,-0.580703,-2.38686,2.558469
gradient,0.960252,-1.785098,1.726657
Gödel,0.904987,0.718059,1.486647
invertible,-1.188757,-1.993404,2.957198
middle,0.27503,0.839082,2.142238
inclusion,-0.28612,-1.069016,2.506827
identical,-0.511677,-0.887446,2.42432
vary,0.959714,-1.168341,2.481465
transition,0.422814,-1.123603,2.170248
eight,-0.768611,0.591828,2.114284
likelihood,1.603718,-1.941431,2.016422
deviation,0.79673,-1.691044,2.084005
infinitesimal,0.556801,-0.509501,2.142435
straight,-0.763128,-0.888491,2.353167
strongly,0.237877,-1.685076,2.20952
fractal,0.965575,-0.381913,1.399799
grow,1.088504,-0.146529,2.004811
generating,0.082594,-1.538049,2.385065
conic,-0.933845,-0.330678,1.885861
independently,0.617418,0.745377,2.025914
remainder,-1.100652,-0.045844,2.438117
sampling,1.6205,-1.158507,1.578596
Jordan,-0.597961,-0.714418,1.90061
rectangle,-1.087486,-0.756804,2.211646
monoid,-0.45724,-1.878048,1.778177
derivation,0.383127,-0.684649,2.322751
conformal,0.027937,-1.156613,1.888415
exterior,-0.601314,-1.144838,2.211151
growth,1.342956,-0.804494,1.694985
inference,2.293273,-0.68281,1.758663
isometry,-0.533326,-1.751696,2.305612
definite,-0.029804,-1.970995,2.498096
fractional,0.328591,-1.20523,1.900005
rotate,-0.566911,-0.40376,2.059654
seven,-0.473448,0.811278,1.944254
associative,-0.466901,-1.324701,2.148897
universe,0.905444,-0.335856,1.856765
hierarchy,0.875743,-1.028777,1.346968
subgraph,-0.975399,-2.028719,2.092237
sentence,0.899463,-1.39679,1.866804
pole,-0.73243,-0.659476,2.009623
bayesian,2.717745,-0.740748,1.434761
sine,0.205792,-0.849464,1.587121
simplify,0.901675,-0.495816,2.446048
degenerate,-0.972529,-1.268519,2.460294
fold,-0.982122,-0.130503,1.890494
circular,-0.351491,-1.049619,1.86042
Taylor,-0.071495,0.831829,1.88023
minimize,1.312723,-1.837884,2.407593
characterization,0.227409,-0.824777,2.297553
Euclid,0.550851,0.655604,1.845558
Leibniz,1.118541,0.760601,1.44756
demonstrate,1.162937,0.173911,2.135278
stability,1.316148,-0.701624,1.579287
skew,-1.560179,-1.221504,1.93395
imaginary,-0.300238,-0.944912,2.393539
plot,0.437495,-1.296065,1.397922
predicate,0.708251,-1.532997,1.761939
resolution,0.580598,-0.695414,1.856547
proportional,0.837786,-1.58283,2.016721
digital,1.505459,0.074304,1.49774
residue,-1.267985,-0.628028,2.298449
cluster,0.631334,-1.014235,1.882361
Grothendieck,-0.231629,0.325404,1.45046
trigonometric,0.576928,-0.851121,2.066231
diameter,-1.171862,-0.469414,2.169905
Bernoulli,0.522977,0.074218,1.521017
modulus,-0.294502,-1.115355,2.052328
estimation,2.248022,-1.3267,1.754869
hermitian,-0.679756,-2.27214,2.100748
ordering,0.142454,-1.559174,2.307107
eigenvector,-0.563682,-1.916219,2.28151
nine,-0.675159,0.915808,1.903509
Erdős,0.3996,0.720352,1.288143
inversion,-0.382718,-0.847276,2.267046
vertical,-0.877683,-0.901064,2.142671
computable,0.80188,-1.106487,1.880437
Church,1.435929,1.081266,1.305736
continuity,0.425956,-1.372254,2.099823
Cartan,-0.306555,0.137335,1.386157
fourth,-0.179172,0.685803,2.147921
interaction,1.969655,-0.982276,1.762099
embed,-0.409497,-1.148249,1.981463
Conway,-1.067629,1.215555,1.590978
valuation,0.155542,-1.420663,1.817228
chart,0.387114,-1.055979,1.576276
internal,-0.369653,-0.566251,1.82924
separable,-0.38061,-2.037393,2.210949
coincide,-0.911933,-1.144673,2.565599
loss,1.419125,-1.273542,1.984788
arrow,-0.381795,-0.444389,1.923584
orient,-0.55031,-1.168462,1.964051
pythagorean,0.045845,-0.361035,1.764352
convolution,0.559953,-1.469944,1.863655
Dirac,0.955451,-0.36742,1.494798
Minkowski,0.079611,-0.383363,1.724854
denominator,-0.341121,-0.905144,2.516005
centre,-0.125901,1.220565,1.830538
Lagrange,0.330174,0.213224,1.541952
hull,-0.754344,-0.794308,1.782358
bipartite,-0.982744,-1.623276,1.898602
linearly,-0.43632,-2.096699,2.868236
outer,-1.153604,-0.842332,1.905357
interpolation,0.676371,-1.034302,1.405582
dot,-0.34478,-0.699817,2.009139
simulation,2.496729,-0.008183,1.721171
congruence,-0.622182,-1.128398,2.236656
summation,0.600147,-1.040969,1.838624
substitute,-0.246623,-0.400858,2.390682
width,-0.732615,-0.865627,1.885947
Klein,-0.516748,0.856681,1.640725
semisimple,-1.073816,-1.704624,2.095477
congruent,-1.915243,-0.510257,2.45761
converse,0.183038,-1.234047,2.2807
torsion,-0.784138,-1.31736,1.925707
clique,-0.085296,-1.81092,1.966166
divisible,-1.891964,-0.167204,2.549826
compose,-0.768243,0.178608,2.116208
honeycombs,-2.280173,1.872771,1.640849
median,-0.137246,-1.383436,1.690437
predict,1.808368,-0.504462,1.891571
Möbius,-0.694762,-0.637599,1.901134
simplicial,-0.678756,-1.151501,1.750132
Jacobi,-0.059639,-0.417316,1.577665
embedding,-0.694313,-1.488069,2.449362
integrate,0.715208,-0.882783,2.265879
decide,1.053959,0.057632,2.041076
cosine,-0.040343,-1.306459,1.825251
hexagonal,-2.626935,0.19252,1.717257
joint,1.116625,0.312951,1.769
algebraically,-0.333562,-1.710578,2.564748
convergent,0.091116,-2.138924,1.969908
propositional,1.226982,-1.320454,1.51277
solvable,-0.175772,-1.618377,1.908725
commute,-0.716591,-1.782429,2.436411
dodecahedron,-2.45097,0.621507,1.278695
substitution,0.125805,-0.837661,1.864052
deterministic,1.710703,-1.55838,1.938191
data,1.668727,-0.407996,1.487956
Hodge,-0.523274,-0.309115,1.458054
tessellation,-1.751644,0.643784,1.679359
covariance,0.854958,-2.211643,1.835686
bilinear,-0.50026,-2.125868,2.213239
Fibonacci,-0.132716,0.119091,1.60018
Frobenius,-0.64909,-1.084476,1.798142
Peirce,0.334053,2.04281,0.93456
Cayley,-0.393328,-0.012351,1.728134
evaluation,1.176214,-0.899019,2.109407
irrational,-0.160518,-0.774967,2.089092
composite,-0.36128,-0.818631,2.10083
noise,1.761423,-1.485919,1.447996
Hamilton,0.41934,0.995126,1.355268
walk,0.522784,-0.645487,1.661214
recursion,1.090816,-0.721192,1.782704
likely,1.290032,-0.266055,2.10286
radical,-0.617423,-1.069664,1.848359
slope,-0.546607,-1.442797,1.919837
cylinder,-0.889346,-0.864966,1.729847
multiplicity,-0.675836,-0.982029,2.395219
computing,1.945514,0.839238,1.561847
expectation,0.961067,-1.692309,2.008657
factorial,-0.180912,-0.527315,1.846385
recurrence,0.458869,-0.969967,1.983778
lambda,0.16663,-0.557122,1.244814
neighbor,-0.777618,-0.271254,2.065412
hyperplane,-1.219862,-0.605449,2.437597
quantifier,0.666996,-1.630729,1.513722
signature,-0.413596,-0.990114,1.595132
mode,0.654749,-0.990502,1.403447
logarithmic,0.756035,-1.225453,1.851065
tuple,-1.146785,-0.766035,2.549362
transfer,1.159561,-0.330657,1.559817
accuracy,1.29286,-0.719326,1.968169
depth,0.469854,-1.062095,1.786194
pyramid,-2.095329,0.093005,1.442586
equip,-0.443643,-1.567274,2.385316
Hopf,-0.548456,-0.304506,1.307149
noetherian,-0.516433,-1.975541,1.69056
continuum,0.844181,-0.802792,1.673048
angular,0.642733,-2.158245,1.536113
Legendre,0.185742,-0.044115,1.259569
probabilistic,2.057012,-0.325991,1.725734
archimedean,-1.626893,0.501591,1.662783
normalize,-0.04272,-1.536743,2.133189
parametric,0.775146,-1.436834,1.864674
facet,-2.499153,0.917785,1.920168
completeness,1.063397,-0.878711,1.63686
Weil,-0.158985,0.151223,1.20486
descent,2.070969,0.774925,1.242373
ellipse,-1.240291,-0.818559,1.752695
precision,1.07886,-1.081762,2.039907
Ramanujan,0.466754,1.088293,1.173726
icosahedron,-2.675961,0.487322,1.582706
Dedekind,-0.1798,-0.2249,1.470324
hyperbola,-1.141681,-0.5743,1.559436
negation,0.459382,-1.814782,1.546443
contradiction,0.653246,-0.904087,1.973521
bijection,-0.432182,-1.797975,2.547307
divergence,0.407472,-1.381223,1.396458
groupoid,-0.54954,-0.697461,1.161103
nilpotent,-1.215744,-1.790073,1.947628
similarity,0.668312,-0.882845,2.021556
stationary,1.018376,-1.463677,1.866125
orthonormal,-0.738487,-1.877909,2.191778
spiral,-0.282604,-0.664382,1.061026
reciprocal,-0.372494,-1.167763,2.122025
overlap,-0.447655,-0.443266,2.032224
decompose,-0.359326,-1.33438,2.4417
implicit,0.856726,-1.142766,1.867048
surjective,-0.639449,-2.779846,2.451848
covariant,0.257485,-1.861131,1.577793
separation,0.372369,-0.965254,1.87856
subalgebra,-1.062509,-1.825154,1.801588
parabola,-1.142588,-0.711728,1.507303
Russell,0.782912,1.227229,1.122201
graphic,1.380732,-0.159815,1.360007
laplacian,-0.216311,-1.579489,1.558214
subtraction,-0.078876,-0.904073,2.094893
nontrivial,-0.524605,-1.74957,2.465324
Kepler,0.213611,0.975343,0.928811
exhibit,1.449465,-0.779809,1.819464
weakly,-0.246246,-2.661404,1.763154
consistency,1.551245,-1.128517,1.497146
neighbourhood,-1.000202,-1.475471,2.33864
implication,0.884539,-0.974401,1.960417
Ricci,0.518991,-1.046092,1.121763
diophantine,0.619561,-0.130456,1.70532
homeomorphism,-0.621518,-2.125621,2.026475
Schur,-0.50553,-0.533149,1.364643
lagrangian,0.801335,-1.360562,1.227734
ZFC,0.904166,-1.34579,1.108589
recursively,0.331863,-1.264712,1.862021
reasoning,2.038877,0.05234,1.531475
independence,1.105028,-0.998674,1.798773
equilateral,-2.010362,-0.041513,2.177215
pentagonal,-2.910849,-0.036201,1.239744
chord,-1.271543,-0.227814,1.595665
subtract,-0.910959,-0.07695,2.384355
transcendental,0.281056,-0.901346,1.852153
octahedron,-2.908063,0.873954,1.948956
transpose,-0.756742,-1.725158,2.242436
covering,-0.685651,-1.428402,2.003717
Tarski,0.881594,0.609038,0.953231
maximize,1.348424,-1.844057,1.737596
chromatic,-1.187759,-0.946447,1.721075
postulate,0.32619,0.053396,1.713334
rectangular,-0.985796,-0.919879,1.564052
trial,1.499357,-0.537611,1.48787
geometrical,1.079293,0.041432,1.808359
involution,-0.979809,-1.3518,1.764392
Weierstrass,0.539119,0.11094,1.113697
symbolic,1.179194,0.546785,1.591691
counterexample,0.296735,-0.099185,1.919946
uniqueness,0.438693,-0.719601,2.131062
proportion,0.405112,-0.551198,1.610663
eliminate,0.76215,-0.877858,2.059136
poset,-0.356336,-1.667524,1.984327
midpoint,-1.483016,-0.194582,1.939532
Pascal,0.083054,0.738177,1.231813
countably,-0.268394,-2.321957,2.152482
hexagon,-2.301632,0.298228,1.971032
hypergeometric,0.457878,-0.750256,1.094858
atomic,1.06046,-0.796407,1.470228
bias,1.735315,-1.249556,1.455904
constructive,1.78177,-0.07778,1.465839
significance,1.710615,-0.378667,1.707859
weighted,0.457924,-1.794157,1.814078
multivariate,1.470772,-1.346236,1.506377
iterative,1.908659,-1.324576,1.495842
Peano,1.063236,-0.088243,1.174137
cryptography,1.761988,0.077948,1.134261
nonnegative,-0.889088,-1.48183,2.320592
Abel,0.654059,1.023299,1.060486
differentiation,1.087006,-1.195808,1.809935
categorical,0.837372,-1.173032,1.67238
Kolmogorov,0.918775,0.020403,0.940588
minus,-1.100976,-0.338701,2.029442
Hardy,-0.335775,0.700691,1.244257
Hadamard,-0.16451,-0.124356,1.340022
endomorphism,-1.235773,-1.93663,2.241365
nonempty,-0.974208,-2.103125,2.44505
undirected,-0.665493,-1.916309,1.777759
continuously,-0.035955,-1.48334,2.101515
elimination,0.945145,-0.909221,1.399674
Fréchet,-0.322926,-1.413963,1.277964
conjunction,0.475872,-1.453178,1.514425
homeomorphic,-1.339264,-1.961884,2.083696
discriminant,-0.808213,-1.046461,1.89508
Lorentz,0.240731,-0.697592,1.204883
axiomatic,1.796917,-0.216006,1.692062
deduce,0.924368,-0.684368,2.154568
jacobian,-0.469081,-1.322373,1.819717
supervision,0.303778,2.829942,1.055451
polyhedral,-1.161388,-0.011859,1.62637
inscribe,-2.137274,0.116436,2.097518
idempotent,-1.203275,-1.550027,1.884224
Nash,1.028214,-0.155496,0.944218
pentagon,-2.332525,0.452604,1.851465
topologically,-1.440186,-1.276341,2.001162
automaton,0.74799,-0.965631,0.95661
submanifold,-0.555837,-1.916329,1.274182
corollary,0.165706,-0.519655,1.994947
normally,1.056385,-1.17695,2.118434
rigid,0.350048,-1.239588,1.365398
norme,-0.750969,-1.697489,1.981977
confidence,0.565552,-1.144735,1.309711
triangulation,-0.640668,-0.941162,1.428164
monotone,0.006968,-2.271297,1.843118
diffeomorphism,-0.739262,-1.671741,1.841039
cumulative,0.995791,-2.200858,1.722612
coprime,-1.595206,-1.37401,2.474767
dominate,-0.154695,-1.31488,1.606692
deformation,0.550482,-1.025304,1.414772
unbounded,0.059655,-1.755037,1.98744
pointwise,-0.340252,-2.409904,1.991477
spline,0.004438,-1.004448,0.689573
bound,0.029454,-1.394304,2.157712
analytical,1.683113,0.179107,1.631643
compass,0.138304,-0.994818,1.30296
induced,-0.816805,-2.039858,2.0277
Serre,-0.119124,-0.05756,0.943251
transport,0.929655,-0.97725,1.357829
distributive,-0.698729,-1.35934,1.622255
trigonometry,0.568067,0.619822,1.237312
dihedral,-2.183157,-0.400543,1.827395
residual,0.45786,-1.79616,1.447104
fifth,-0.306403,0.625169,1.597801
geometrically,-0.138273,-1.23881,2.154481
Kronecker,0.130669,-0.140933,1.089921
monomial,-0.387291,-1.568498,1.966213
posterior,1.855525,-2.343798,1.552963
Pearson,0.513819,0.713744,0.845794
fibration,-0.964568,-1.232295,1.37541
hundred,-0.583698,1.180947,1.81861
sparse,1.0909,-1.157617,1.312385
logistic,1.480326,-1.550015,1.2472
parabolic,-0.335937,-1.166733,1.438845
connected,-1.086783,-2.235465,2.362497
learning,2.503139,0.238134,1.227047
sequential,1.245779,-1.132186,1.334805
million,-0.757873,1.129311,1.351577
parallelogram,-1.531594,-1.06228,1.662214
randomly,0.450858,-0.573529,1.748453
monoidal,-0.492276,-1.966718,1.184912
computability,1.341119,0.884738,0.9459
orthoplex,-3.313348,1.202517,1.622965
ergodic,0.907816,-0.456416,1.287355
noncommutative,0.225354,-0.623697,1.438112
commutator,-0.47057,-1.28414,1.747883
constructible,-0.625227,-1.060879,1.669161
supremum,-0.976986,-1.798957,2.317297
Archimede,0.754874,0.421305,0.963126
formalism,1.300598,-0.212305,1.289222
inductive,1.159187,-1.000341,1.674546
Noether,0.771144,0.707689,0.974046
hypergraph,-1.07917,-1.433131,1.260828
identification,1.001338,-0.965857,1.611765
tetrahedral,-2.581774,0.507133,1.604085
heuristic,1.653522,-0.646728,1.249621
Kleene,0.264447,0.706875,1.008987
membership,0.635536,0.269493,1.465052
uncountable,-0.132053,-1.869751,1.778029
reflexive,-0.653177,-2.598712,1.443044
Chebyshev,0.44633,-0.311584,1.3034
antiprism,-2.79881,0.323332,1.474905
compactness,0.783417,-1.119303,1.405726
revolution,0.174112,0.645083,0.993248
spread,1.01547,-0.488103,1.412307
indeterminate,0.172336,-1.514606,1.945644
perturbation,1.198423,-0.73114,1.486726
numerator,-0.802973,-1.089676,1.866779
pullback,-0.813364,-2.133608,1.90043
brownian,0.84455,-1.201425,1.049086
Shannon,1.101737,0.173516,0.735595
mesh,0.211295,-0.639279,0.784902
rotational,-1.098183,-0.428011,1.267659
asymptotically,0.936702,-2.057378,1.76419
algorithmic,1.899692,-0.103183,1.471188
invariance,0.479852,-1.033957,1.452919
quadrature,0.955766,-0.848695,0.670761
Zermelo,1.262933,0.0015,0.741345
coset,-1.082882,-0.779431,1.817704
intuitionistic,1.503703,-0.770758,0.875618
piecewise,-0.501177,-1.837632,1.643171
significantly,1.836092,-0.790491,1.861925
conjugacy,-1.222436,-0.986418,1.900528
exponentiation,0.341981,-1.49203,1.609059
variational,2.0633,-0.157603,1.020016
Bayes,1.961996,-1.071553,0.898909
orientable,-1.57562,-1.424967,1.746753
Scott,-0.224705,1.143474,0.997799
replacement,0.986075,-0.934304,1.421766
hypercube,-1.836175,-0.039734,1.55852
Liouville,0.53758,-0.172405,1.240434
bijective,-0.285414,-1.962418,1.92639
complementary,-0.241639,-1.333343,1.722204
cotangent,-0.494135,-1.458336,1.487419
Schwarz,-0.315191,0.189156,1.065756
conjugation,-0.769932,-1.731382,2.000429
Hermite,-0.02024,-0.292951,1.068316
hypersurface,-1.079425,-1.245137,1.593398
perimeter,-1.121316,-0.384302,1.645036
homological,0.115295,-0.304286,1.288599
threshold,0.477448,-0.970413,1.37295
truncation,-1.231411,1.057307,1.183185
modal,0.642249,-0.75681,0.808499
Zariski,-0.341191,-0.615539,1.285943
incomplete,1.049811,-0.750055,1.447882
Lipschitz,-0.746515,-1.559871,1.427459
moduli,-0.037771,-1.056787,1.081995
ellipsoid,-0.524621,-0.878492,0.800335
rhombic,-2.570345,0.166811,1.018951
Ramsey,0.168189,0.077986,1.136677
acyclic,-0.321234,-1.997209,1.289764
atlas,-0.28181,-0.714865,0.991368
adjacency,-0.180581,-1.463304,1.58172
indicator,0.200091,-1.359561,1.676397
twenty,-0.760425,1.232195,1.62852
chaos,1.542026,0.338718,0.828893
concave,-0.566759,-1.778767,1.237248
undecidable,1.008395,0.019381,1.021733
submodule,-1.590165,-2.097951,1.556955
Wilson,-0.342286,1.553546,0.96407
isometric,-0.590819,-2.260322,1.588605
automorphic,0.391988,-0.344061,0.962807
reciprocity,-0.034705,-0.313595,0.797068
enumeration,0.100348,-0.386884,1.445347
scaling,0.702073,-1.625625,1.613072
martingale,0.261031,-1.033563,0.796122
conversion,-0.06525,-0.780528,1.396085
deduction,0.881274,-0.493541,0.920434
invert,-0.808246,-0.705547,1.689042
provable,0.71845,-1.810573,1.265031
Baire,-0.144649,-1.419358,1.222063
seminorm,-0.319861,-2.696119,1.657056
Sobolev,0.275107,-0.474488,0.866827
diverge,-0.058692,-1.430764,1.763942
reducible,0.039771,-1.785706,1.525623
Riesz,0.221218,-0.371429,0.793366
metrizable,-0.870024,-2.479685,1.345465
penrose,0.142882,0.460042,0.751157
centroid,-1.680675,0.117433,1.393636
curved,-0.035103,-0.798625,1.432427
forest,-0.351433,-0.739369,1.14236
isolated,-0.276018,-1.135711,1.799558
Schmidt,-0.239665,-0.087568,0.879855
ultrafilter,0.154608,-2.096869,1.360423
primality,1.101449,-0.996288,0.383297
continuation,0.543287,-0.826203,1.5539
demonstration,0.827913,0.596576,0.955077
ternary,-0.349833,-1.114592,1.194072
compactification,-0.21011,-0.776022,0.936915
cylindrical,-0.425464,-1.135619,1.165173
randomness,1.428387,-0.408127,1.065704
twelve,-1.430505,1.186685,1.288058
arithmetical,1.163398,-1.252972,1.174166
octahedral,-2.441765,0.501302,1.51532
abstraction,1.597938,-0.539305,1.530011
leaf,-0.932118,-0.534062,1.336303
stabilizer,-1.409288,-1.05921,1.641138
Bourbaki,0.241858,1.229235,0.84369
disjunction,0.630476,-1.760344,0.955266
trivially,-0.461551,-1.339424,2.039928
codimension,-1.544304,-0.889438,1.549314
tangential,-1.59667,-1.577635,1.375235
secant,-0.551254,-1.192332,1.208752
Catalan,-0.827989,0.492823,1.061892
codomain,-0.233376,-2.19747,2.151536
differentiate,0.34567,-1.054851,2.010502
