word,1,2,3,4,5,6,7,8
number,-0.014771,1.480242,-0.001749,0.076159,1.571091,0.745555,1.133381,-0.760314
function,0.092983,0.869979,0.777982,-0.934789,1.067794,1.84706,0.679286,-2.312829
one,-0.14396,1.937395,-0.644644,0.354974,1.699476,-0.376275,0.228841,-0.709575
set,-0.43087,1.596836,-0.355938,0.472469,1.094942,0.345982,0.447042,-1.022814
group,0.1396,0.638081,-1.146135,0.429422,1.486518,0.250595,0.507243,-1.063449
space,-0.18265,1.313184,-0.385024,-0.228702,0.204618,0.658082,1.016854,-2.034049
two,0.171379,2.051604,-0.596614,0.414004,1.439971,-0.397148,0.867234,-0.369267
theory,-0.167706,0.86043,-0.244211,-0.954439,0.205656,2.516779,-1.132205,-2.134874
point,0.110206,1.676865,0.222801,0.668998,1.177215,0.147307,1.319691,-0.458172
theorem,-0.581064,0.765074,1.721966,-1.053739,-1.238851,2.492926,-0.718344,-1.012347
example,-0.396556,1.497519,-0.111079,-0.897728,1.163196,0.618126,0.274087,-1.907875
form,0.126149,1.658509,-0.565781,-0.993271,1.181509,-0.055129,0.394883,-1.184579
define,-0.225842,0.88316,0.408059,-1.230117,1.174384,1.639274,0.407412,-2.038135
graph,-0.774536,0.448475,1.278977,-1.142536,-0.88814,1.724725,0.59277,-1.812799
value,-0.164503,0.763853,0.673052,-0.560828,1.657047,1.311428,0.517133,-2.171282
problem,0.253823,1.019696,0.556443,0.025325,1.169788,1.11065,-0.341375,-2.048441
mathematic,0.386171,-0.397615,-1.050441,-1.092559,-0.257088,2.425916,-0.463587,-1.322855
order,0.38139,1.338334,0.142843,-0.145429,2.06461,0.485857,-0.062847,-0.167811
equation,-0.396744,0.990892,1.477613,-1.082809,-0.882166,2.59824,0.258008,-1.664399
first,0.230127,1.565155,-1.396884,0.773848,1.519318,-0.086809,0.306383,-0.025423
vector,-0.860513,0.772882,1.275776,-1.195604,-0.166862,2.021,1.505983,-2.115262
algebra,-0.601655,0.439503,0.964612,-1.433762,-1.101681,2.742084,0.284321,-1.41187
$\mathbb{N}$,-1.021471,0.954856,0.026665,0.158017,-0.321285,0.909721,1.749314,-0.490712
field,1.123706,1.127684,-0.727836,0.430914,0.531537,0.630077,0.691932,-1.028412
element,-0.844592,1.581591,-0.025915,-1.081917,0.835614,0.516105,0.405425,-1.969204
system,0.868376,0.361876,-0.547684,-0.297267,1.614617,0.71401,1.367235,-2.559465
matrix,-0.903524,1.056161,1.108398,-0.630866,-0.575162,2.036459,0.911326,-1.986145
mathematical,-0.184551,-0.180985,-0.743516,-1.246314,-0.353984,2.63528,-0.514875,-1.883057
method,0.269274,0.757387,0.313928,-0.835962,0.553555,1.326509,-0.005809,-2.751236
finite,-1.129645,1.066336,1.564274,-1.440813,-0.282053,2.668736,0.780049,-1.830895
result,0.543239,1.181576,0.25224,0.54069,1.938936,0.413872,0.464874,-1.13801
vertex,-1.235903,1.109527,1.92314,-1.65459,-0.673867,0.789272,1.538051,-0.95045
term,0.354088,1.025019,-0.193637,-0.386169,1.797436,0.873084,-0.505481,-1.51241
line,0.534917,1.593802,-0.529771,-0.138335,1.080578,-0.702713,1.673059,-0.418015
model,0.007994,0.604167,-0.503393,0.114314,0.447472,0.904609,1.03768,-1.880264
real,-0.733751,0.936265,-0.564184,0.961796,1.050475,0.291752,-0.142745,-1.253314
property,1.41591,1.22766,0.125403,-0.912223,1.071403,0.73411,0.211489,-1.109854
geometry,-0.412601,0.70795,0.215617,-1.689118,-1.085267,1.776443,0.454008,-1.744341
complex,0.333137,0.931799,-0.454164,-1.234979,0.671111,0.162004,0.754785,-1.682471
linear,-0.740642,1.105619,0.898103,-1.145071,0.095981,1.83706,2.179545,-1.82213
polynomial,-1.22425,1.048747,2.229939,-1.048461,-0.751722,2.702188,0.137326,-1.314578
algorithm,-0.365643,-0.175946,1.194149,-0.302588,-0.436877,1.758935,0.317134,-2.576331
mathematician,-0.218412,-0.653448,-0.997521,-0.457748,-0.802695,2.127156,-1.612906,1.000507
definition,-0.415087,0.531376,0.290221,-0.884472,1.067787,1.995132,0.181008,-2.223783
product,0.591722,0.279647,-0.485057,-0.030141,0.745426,0.251078,1.159537,-2.825516
state,1.363034,0.829516,-0.865522,0.700317,2.131177,0.697525,-0.138522,-0.281584
sequence,-1.196974,1.507912,0.576173,-0.404514,-0.02456,1.05685,0.754952,-2.045108
distribution,0.344096,0.756089,-0.237959,-1.135706,0.536982,0.68816,1.281751,-1.79674
variable,-0.725719,1.086981,1.144178,-1.084537,0.259788,1.50495,1.378117,-2.33714
solution,0.486189,0.355741,0.470257,-0.499466,0.764756,1.151468,0.468512,-2.680088
square,0.297973,1.274617,-0.205478,-0.503152,0.415696,-0.181792,1.955182,0.312625
map,0.484486,0.959556,-0.649818,-1.422242,0.340245,0.797879,1.146999,-0.71834
class,0.700173,0.694304,-0.592795,0.296404,1.142612,0.509346,1.00801,-0.475239
integer,-1.585873,0.924528,1.845062,-1.016778,0.008339,2.41008,1.300971,-1.31535
mean,-0.59449,1.658961,0.266348,-0.655207,1.660943,-0.229244,0.103521,-1.255277
proof,-0.428798,0.83784,1.15945,-0.245396,0.335214,1.497641,-0.494233,-1.396714
three,0.174775,1.89329,-0.711097,0.548526,1.358719,-0.521152,0.805755,-0.152906
dimensional,-1.205694,1.515468,0.79676,-1.406845,-0.880517,1.651723,0.914255,-2.351225
zero,-1.091816,1.065875,1.027848,0.492619,0.483269,0.967005,1.189034,-1.473223
algebraic,-0.890354,0.342107,0.657323,-1.743768,-1.033513,2.665949,-0.127665,-1.731793
formula,-0.861106,0.259987,0.434702,0.204974,0.102126,1.299596,0.960047,-1.122478
ring,-0.80263,1.655889,0.380846,0.192548,-0.189451,-0.449502,0.781545,-0.803398
edge,0.048259,1.893588,0.102928,-0.323659,-0.269909,-1.036871,1.29921,-1.156721
sum,-0.608617,0.75447,1.361687,-0.055589,0.786342,1.247502,0.363534,-0.858386
plane,-0.128663,1.483133,1.089946,-0.060145,0.400026,0.135225,1.235586,-0.674148
analysis,0.363161,0.55232,-0.534127,-0.643959,0.544064,2.136915,-0.14008,-2.521485
dimension,-1.010002,1.371445,0.516604,-0.802471,0.00813,1.144083,0.796098,-1.686416
curve,0.282761,1.508053,1.177979,-1.057641,-0.692173,0.403691,1.484169,-1.184294
type,0.164159,1.515849,-0.064244,-0.996363,0.803892,0.361518,1.618199,-1.762221
operator,0.434122,-0.034403,0.524777,0.191078,0.546776,0.963767,1.088003,-1.411579
prove,0.044366,1.302256,1.021133,0.278163,1.042118,0.551816,-0.795359,-0.889402
probability,-0.633245,0.625297,1.531322,-0.543827,0.333166,2.586646,0.21172,-1.832491
structure,1.010558,1.235481,-0.813311,-2.043383,0.904417,0.228009,0.876941,-1.436092
representation,-0.266625,0.320577,0.029853,-1.078676,0.978046,1.638059,-0.313774,-1.439541
series,-0.98203,1.38157,-1.396229,1.689244,0.334873,-0.171155,0.75805,-0.888122
prime,-0.311314,-0.049296,-0.067512,0.981806,1.788485,0.936066,-0.501533,0.385054
measure,0.771772,1.318828,0.990654,-0.79041,1.448983,1.09957,1.002009,-1.861887
equal,-0.141552,1.019915,1.093266,-0.140259,1.462683,1.197574,0.580273,-0.981431
lie,0.351216,1.91159,-0.088896,-0.697467,0.967529,-0.538424,0.245839,0.104161
manifold,-0.209708,0.805696,1.702323,-1.436536,-1.593066,1.770891,0.668591,-1.566947
degree,1.058906,0.083137,-0.970379,-0.590539,0.97828,1.160601,0.236237,-0.926046
differential,0.127548,0.48858,1.136942,-0.806992,-0.551065,2.036715,0.81913,-2.155709
$\mathbb{C}$,0.091598,0.85149,-0.26375,0.56655,-0.051905,1.096428,2.025255,0.130727
regular,0.229163,0.895178,-0.31211,1.129896,0.857834,0.054899,1.015493,-0.633024
second,-0.12205,1.576281,-0.592199,1.1343,1.486425,-0.043969,0.840737,0.438489
triangle,-0.370981,0.619287,0.562397,-0.648162,-0.762049,-0.061856,0.970043,-0.566451
subset,-1.216657,0.526079,1.402217,-1.41569,0.442874,1.766449,1.223012,-1.842682
circle,-0.317075,1.205103,-0.448874,-0.612424,0.075435,-0.228331,0.105979,-0.607959
relation,0.194329,0.198442,-0.534863,-0.721052,2.118688,1.529163,-0.956071,-0.836727
positive,-0.75664,1.178638,0.454305,0.663208,1.025723,1.093132,-0.262861,-2.133734
simple,-0.852412,1.904923,0.296757,-0.779271,0.397327,0.217366,0.376339,-2.432575
topology,-0.529421,0.295007,1.073265,-1.428609,-1.089721,2.059107,0.452282,-1.782259
category,-0.284519,0.147246,-0.92365,0.095892,1.01969,0.685983,0.837436,-1.443361
surface,0.451091,2.099646,0.88278,-1.189389,0.11483,-0.270673,1.770135,-2.103469
constant,-0.491486,1.660055,1.355976,-0.489505,0.463326,1.371262,0.252662,-1.287282
application,0.658341,-0.045464,-0.341105,-0.134312,1.006544,1.43329,1.159702,-3.221015
integral,-0.404409,0.323559,0.42027,-1.183949,0.027967,1.46192,0.547907,-1.522247
coordinate,0.395944,-0.016777,0.34954,-0.828383,0.884119,1.353691,0.769338,-1.330577
complete,0.668187,1.237939,-1.021246,-0.155869,1.078345,0.533581,0.699301,-0.04544
root,-0.468861,1.413712,-0.237024,-0.78193,0.2912,-0.050606,-0.155812,-1.288652
length,-0.487075,2.192241,0.400272,-0.377611,0.508395,-0.18159,2.178117,-0.937887
continuous,0.238377,1.111948,0.844574,-1.053944,0.752914,0.667786,1.121475,-1.873963
logic,-0.807137,0.048038,0.114832,-0.602233,-0.417061,2.278213,-0.441567,-2.221655
external,0.165688,0.602276,-2.544683,0.435058,0.609761,0.398355,0.938543,0.0184
side,0.183737,1.974266,-0.199374,0.22328,1.071929,-1.431659,0.996528,-0.215499
unit,1.021504,0.515249,0.112341,-0.027214,1.824622,0.489599,2.138849,-0.671005
equivalent,-0.373748,0.576959,0.538383,-0.852529,1.277709,1.244813,1.266463,-1.05009
conjecture,-0.634111,0.201433,1.626328,-0.860549,-1.439055,1.887329,-0.921583,-0.743027
infinite,-1.845196,1.219922,1.0092,-0.48883,-0.209611,1.243132,0.206001,-1.577689
operation,1.248844,0.353674,0.002973,0.386751,1.933787,0.086032,0.954295,-0.867811
angle,-0.415962,2.085586,1.476651,-0.476371,-0.156179,-0.043153,1.533522,-1.439409
random,-0.765433,1.126783,0.672067,0.141913,-0.226341,1.163851,0.268583,-1.918879
basis,0.470078,0.847575,0.014017,-0.427509,1.664212,1.158206,0.432598,-1.238416
natural,0.757791,1.29746,-0.930011,-1.417721,0.714115,0.119275,0.199103,-1.47604
power,0.261126,1.182317,0.090735,0.461672,1.890286,0.004856,0.537529,-1.028859
area,2.003086,1.161821,-0.995742,-1.060191,1.95304,-1.234108,1.281167,-0.308905
open,0.729192,1.00757,-1.439616,0.460578,1.145338,-0.71832,0.908193,-0.637391
solve,-0.400117,0.657152,0.960928,-0.054621,0.492391,1.254275,-0.528742,-1.99693
pair,-0.782536,1.922336,0.442505,0.480504,0.223698,-0.370456,1.09522,-0.894634
hold,0.617887,0.961058,-0.973865,0.593002,1.944274,-0.172357,-0.026102,0.122992
limit,1.014941,0.610897,0.054588,0.08164,1.439809,0.395743,0.903707,-1.659401
special,0.043284,0.843837,-1.107223,1.049987,1.150794,0.1302,0.341981,-1.11468
generate,0.032047,1.052105,0.736792,-0.310569,1.027491,0.755961,1.230956,-2.76757
coefficient,-0.62841,0.655102,2.086093,-0.82366,-0.052198,2.106193,1.0586,-1.520705
standard,0.208885,0.462125,-0.520068,-0.105268,1.368236,0.719938,1.447145,-2.073832
identity,-0.661078,0.78767,-0.087135,-0.242652,1.36982,0.807601,-1.210299,-1.410145
four,0.225432,1.815728,-0.736933,0.577057,1.202379,-0.418721,1.075826,-0.143009
rule,0.111677,0.855018,0.30826,-9.5e-05,2.514752,0.794917,-0.547496,-0.026716
topological,-0.942736,0.71938,1.463975,-1.775829,-1.051703,2.23758,0.386561,-1.809607
computer,-0.003816,-0.450026,-1.258034,0.765685,0.380141,1.071374,0.554154,-2.795221
derivative,-0.42904,0.325604,0.960857,-0.980342,0.053483,1.381409,0.931477,-1.888766
symmetry,-1.07272,0.8558,1.471626,-1.534255,-0.858476,1.442461,0.778019,-1.431168
compact,-0.515447,0.586836,0.52969,-0.601815,-0.217836,0.68586,1.573464,-1.773649
factor,0.449454,0.91253,0.825997,-0.258989,1.218956,1.363775,0.311603,-2.424087
family,0.603987,1.669977,-0.787171,-0.006978,1.182517,-0.203737,-0.381336,0.676766
transform,-0.340055,0.921021,0.217605,-0.798122,0.424206,0.256447,-0.094004,-1.418334
convex,-0.87152,1.315509,2.034938,-1.980228,-1.100995,0.684476,1.028729,-1.359798
domain,-0.224982,0.283915,0.359842,-1.181593,0.923075,1.353495,0.588435,-1.396119
subgroup,-1.103048,-0.261862,1.037271,-2.141579,-0.118531,1.001843,0.89446,-0.518003
construct,1.123179,1.51518,-0.326496,-1.398765,0.64575,-0.144223,0.701701,-0.569422
axiom,-1.013284,-0.087014,1.838166,-0.802193,-0.344478,2.234357,-0.236139,-1.05626
construction,1.385786,0.915578,-0.552743,-0.934465,1.236241,-0.094188,0.888604,-0.377457
therefore,-0.017229,1.423216,1.08324,-0.797646,2.036949,0.484025,-0.157447,-1.46248
compute,-0.336481,-0.293658,0.094435,-0.315454,-0.053482,1.922891,1.051975,-2.775143
normal,0.287387,1.17119,0.640601,-0.374976,0.717441,0.25719,0.724455,-1.697697
distance,-0.004593,1.054814,0.238764,-0.208554,0.949372,0.053376,1.530151,-0.729365
notation,-1.464863,0.409574,0.584606,-1.313776,-0.409959,1.745183,0.481752,-1.545812
parameter,-0.614339,0.763546,1.506993,-0.848902,0.404682,2.15298,1.289471,-2.748911
euclidean,-1.000243,1.201614,1.548033,-1.96941,-1.186305,1.93753,0.84632,-1.499287
symmetric,-1.178322,0.728639,1.936212,-1.61266,-0.415198,1.688224,0.928419,-1.496434
metric,-0.219881,-0.007496,1.188767,-0.89718,0.002333,1.755491,1.229087,-1.661145
test,0.734125,0.807226,0.434713,0.913438,1.088688,0.881682,0.787744,-1.71228
bundle,-1.058307,0.487191,0.984368,-0.514554,-0.723289,0.658079,1.193516,-1.940219
center,1.215042,0.208999,-1.58003,0.475727,0.834908,-0.029282,1.036919,-0.700979
symbol,-1.274323,0.758134,-0.218202,-1.459573,0.866404,0.264498,0.279945,-1.11149
projective,-1.130456,0.82195,2.001233,-1.963671,-1.265752,1.805309,0.661281,-1.313311
sphere,-0.771694,0.714061,0.414287,-1.536832,0.287085,0.718043,0.149514,-1.314832
interval,-0.65149,1.210098,1.57691,-0.602061,0.396388,0.951262,1.349255,-1.390526
single,-1.026487,1.884244,-0.64888,1.463388,0.620083,-0.336146,1.363369,-1.055673
geometric,-0.979885,1.129153,0.122796,-2.468298,-0.931945,1.032516,0.394733,-1.978928
ideal,-0.506398,0.879617,0.185546,-1.133379,0.764317,0.485763,-0.603898,-1.541654
dual,-0.070201,0.044218,0.297443,-0.081879,0.325438,0.573558,1.539238,-1.397066
module,-0.644206,-0.183741,0.61469,-0.1009,-0.028322,1.171674,1.560378,-2.381404
invariant,-0.821557,0.921541,1.900883,-1.744573,-0.815371,2.638583,0.339653,-1.207096
$\mathbb{Q}$,-1.163399,0.406525,0.441647,0.596244,-0.252538,0.89275,1.12842,-0.676428
index,0.158391,0.154276,-0.330208,-0.764819,0.563381,1.781785,0.947896,-1.429901
information,0.70459,0.067838,-0.908198,0.090392,1.736434,1.164283,0.031505,-2.153885
transformation,-0.392725,0.664634,0.086959,-1.003316,0.297721,1.567595,-0.254127,-1.795944
extension,0.896444,0.191812,-0.203325,-0.625035,0.656366,0.348384,1.334544,-1.201511
direct,-0.820149,0.928234,-0.986591,1.315672,0.410249,0.243913,-0.684541,-0.655355
uniform,0.070015,0.92758,0.521893,-0.391008,0.412213,0.057148,0.714687,-1.125857
path,0.01374,1.155566,0.21839,-0.648855,0.66832,-0.252471,0.539648,-1.253514
negative,-0.566763,1.324942,1.085596,0.036833,1.124504,1.101959,-0.329652,-2.351904
image,-0.889933,1.315774,-0.87127,-0.546297,0.162165,0.312459,0.363674,-1.888771
member,0.875967,0.466979,-1.665223,1.032577,1.767093,0.312416,-0.676075,0.384861
inverse,-0.889468,0.748343,1.733756,-1.139642,-0.241536,2.423813,0.784878,-1.681281
step,-0.094021,1.386719,0.374144,0.54188,0.769517,0.111638,0.054329,-1.219895
independent,0.706707,0.233323,-1.05998,0.494467,1.694931,0.486366,-0.235231,-0.757924
arithmetic,-0.903988,0.155362,1.088424,-1.301341,-0.330908,2.397223,0.167929,-1.70996
position,0.471002,0.994482,0.032283,0.488206,1.882152,0.31435,0.132578,-0.368091
calculus,-0.216939,-0.16699,0.450121,-1.263275,-0.894619,2.550812,-0.222362,-1.576884
rational,-0.808728,0.485586,0.964886,-0.951989,0.434402,2.14394,-1.107424,-2.04069
law,1.224626,0.462112,-0.763542,0.33845,2.148921,1.456956,-1.293621,-0.131808
tree,0.041128,1.980134,-0.46733,-1.067378,0.097879,-1.215083,0.388578,-0.938837
component,0.393054,0.600421,0.246851,-0.841443,0.962988,0.713405,1.663964,-2.881134
lattice,-0.281623,0.969774,1.247835,-1.768904,-1.133877,1.16403,1.176031,-1.495419
inequality,0.153486,-0.508404,1.371658,-0.915106,0.267821,2.191893,-0.970589,-1.477003
volume,-0.399543,1.467239,-1.078043,-0.720584,-0.113168,1.619856,0.967208,-0.290074
section,0.82649,1.025785,-0.556669,-0.527707,1.2164,0.256893,1.38055,-0.472389
add,-0.022997,1.536789,-0.188987,0.366073,0.819303,-0.11974,0.778937,-1.25707
$\mathrm{e}$,-1.292002,0.260132,-1.154788,0.01281,0.427253,0.441033,1.182197,0.25262
fundamental,-0.235854,0.373451,0.018339,-1.107003,0.933324,2.186866,-0.639394,-2.179348
game,-0.764295,1.123871,-0.912221,2.54657,1.208492,-0.488712,1.542391,-0.915338
polytope,-0.271581,0.378428,1.284808,-1.716055,-2.605957,1.374843,1.307706,-0.30357
smooth,-0.503264,2.14326,0.851998,-0.900889,-0.934534,-0.59683,0.951082,-1.736888
partial,0.241087,1.032025,0.363951,-0.571039,0.290313,0.97339,0.515006,-1.090874
extend,0.622251,1.293958,-0.15856,-0.582479,1.188562,-0.2522,1.139977,-0.603673
multiplication,-1.300285,0.654726,2.008179,-1.212387,-0.049214,2.094056,0.815,-1.481187
boundary,1.549732,0.891157,-0.048583,-1.579948,0.756267,0.033842,0.700734,-0.603092
local,1.345102,0.887881,-0.926586,-0.217244,2.041639,-0.540382,-0.090791,-0.495718
node,-0.403539,0.263282,1.548275,-0.931475,0.465752,0.554505,1.299138,-2.026801
develop,0.51011,0.833715,-0.929535,-0.16879,0.880761,0.214642,0.152192,-2.050016
difference,-0.42333,1.295424,0.464061,-0.62377,1.323095,1.021488,0.119698,-2.057311
statement,-0.185121,0.520611,0.498237,0.734121,1.893165,1.490124,-1.43096,-1.373875
tensor,-1.082103,0.720676,2.052231,-1.850343,-0.815243,2.306635,0.554385,-1.376971
discrete,-0.781685,0.291102,0.923274,-1.309931,-0.37011,2.058035,1.02619,-2.301871
variety,-0.202788,1.176216,-1.216464,-0.673584,0.531395,-0.573849,0.222367,-2.143463
generalize,-0.526688,0.613483,1.605129,-1.249292,-0.769467,2.361514,-0.020144,-1.631158
sample,-0.517735,1.450772,0.353552,0.155238,-0.179695,0.536479,0.735015,-1.990033
statistic,0.470426,-0.821288,-0.846591,0.728205,1.272499,1.164877,1.02551,-0.473966
axis,-0.650213,1.068551,1.208954,-1.341464,0.791018,-0.050615,1.363166,-0.752044
hyperbolic,-0.907052,0.677802,1.460048,-1.88213,-1.710374,1.618799,0.681393,-1.258368
rotation,-0.496912,0.940949,1.3973,-0.166018,-0.009339,0.674919,1.492396,-1.34382
Hilbert,-0.35418,0.528899,1.245659,-1.184913,-1.085229,2.54326,-0.359863,-0.690549
digit,-0.91538,0.491212,1.582052,-0.188573,0.694933,1.043251,1.805418,-1.003923
intersection,1.546323,0.644812,0.412243,-0.87027,-0.327555,0.626869,2.192821,0.30735
addition,0.553264,1.055657,-0.725178,-0.034769,1.165709,0.130651,0.47967,-1.294283
expression,-1.188375,1.228525,0.387673,-0.950405,0.894724,1.269918,-0.567543,-2.283941
Student,0.983328,-0.00867,-1.234457,0.564924,1.793682,0.700266,-0.271916,-0.544212
approximation,-0.580651,0.601912,1.638569,-1.179354,-0.419089,2.123159,0.388823,-1.797417
$\mathbb{Z}$,-1.629871,0.592991,-0.079823,0.541416,-0.264776,1.015409,1.260098,-0.223287
mathematics,0.627212,-1.552874,-1.634649,-0.949119,-0.889771,2.295769,-0.236907,-0.574595
code,-0.05042,-0.065831,0.070093,-0.060183,1.224724,1.0179,1.222173,-1.440354
rank,0.284987,0.352993,-0.507991,0.922227,1.743706,0.584469,0.706409,0.092109
characteristic,-0.23544,1.712869,0.121932,-1.927059,0.650074,0.298147,0.359616,-2.257326
binary,-1.353757,0.116571,0.76666,-0.86128,-0.048396,1.465641,1.166692,-1.950481
closed,0.33909,0.774897,0.876982,-0.849059,0.545486,0.090974,1.117934,-1.164075
tangent,-0.851774,0.919324,1.648849,-1.587813,-1.181343,0.903185,1.039093,-0.856635
diagram,-0.499474,0.75003,0.575572,-1.098527,-0.696987,1.234869,1.021113,-1.643292
divide,0.307026,1.215028,-0.132488,-1.319577,1.617384,-0.041208,0.742805,-0.217753
functional,0.277982,0.522359,0.315691,-1.300261,0.227638,1.411071,0.559811,-2.675761
abelian,-1.043467,0.4173,1.997384,-1.619806,-0.809074,1.843481,0.482828,-1.144109
odd,-0.891207,1.176313,0.722328,0.470201,0.140972,0.237656,0.01035,-0.615534
action,-0.105298,1.094406,0.141187,0.704805,1.885279,0.417687,-0.522567,-1.210091
tiling,-1.25793,0.508965,1.467639,-2.236602,-2.328797,0.246008,1.185006,-0.687666
ratio,-0.031268,0.597953,1.576972,-0.605548,0.867284,1.186963,2.008693,-1.502334
program,0.860949,-0.402072,-1.63227,1.223323,1.495135,0.556839,0.308371,-2.272917
quadratic,-0.976336,0.558874,2.277614,-1.381542,-0.666539,2.627446,0.403603,-1.408281
cube,-1.277535,0.62692,0.548816,-0.152608,-1.037712,-0.075707,1.086278,-1.226805
cycle,-0.096151,1.035119,-0.127653,-0.507399,0.451068,0.591579,0.941816,-1.386174
figure,-0.871272,1.477074,-0.668349,-0.159941,0.995156,0.011966,-0.307698,-0.427551
argument,-0.430215,1.133649,0.949407,0.068556,1.013837,1.520161,-1.759825,-1.32391
Riemann,-0.796628,0.760488,1.55778,-1.764925,-1.366261,2.575972,-0.094532,-0.94168
Euler,-0.717993,0.717066,1.51209,-1.557712,-1.009589,2.282097,-0.066264,-0.593131
calculate,-0.164012,0.778492,1.471261,-0.343639,0.77752,1.640692,1.050427,-1.764509
shape,-0.477605,2.537567,-0.062086,-1.541079,-0.007143,-1.076995,1.03212,-1.827116
formal,0.256091,0.511402,-0.258982,-0.87341,1.629045,1.015542,-0.720227,-1.318005
derive,-0.462946,1.302992,-0.185491,-1.738111,0.660007,0.292929,0.255589,-1.24465
statistical,1.378311,-0.402087,-0.488902,-0.664369,0.119168,1.785152,0.607279,-1.350412
network,0.524465,-0.390503,-1.285125,0.654049,1.25613,0.201169,0.89096,-2.448137
estimate,1.028601,0.591136,0.527265,-0.48893,1.97597,0.714908,1.304093,-0.63455
norm,-0.101813,0.252479,0.563682,0.284248,0.402858,1.575636,-0.800416,-1.309919
polygon,-1.084473,0.639505,1.234586,-0.908888,-1.279976,0.615889,0.812731,-0.956978
permutation,-1.224716,0.556304,2.089663,-1.041946,-0.690121,1.700241,0.885312,-1.084366
world,-0.164414,0.90829,-1.832812,0.905383,1.568727,-0.20311,0.211181,-0.584367
maximum,0.395457,1.105706,1.303378,0.078751,1.458315,0.502202,2.448532,-1.349993
equivalence,-0.913523,0.343174,1.615942,-1.236061,-0.025469,2.460596,0.327662,-1.472922
parallel,-0.157967,1.094005,-0.023442,-0.878623,0.393865,0.176379,1.095377,-1.167918
numerical,-0.147332,-0.063693,0.663264,-1.040111,0.138402,2.047409,0.468239,-1.964788
orthogonal,-1.387184,0.790569,1.924993,-1.676197,-0.468987,1.709282,1.311862,-1.307474
isomorphic,-1.388827,0.800379,2.130751,-1.708519,-0.663765,1.860001,0.942408,-0.900632
connection,0.425776,0.597201,-0.280646,-0.269709,1.038789,0.160161,0.066136,-1.118635
locally,0.77115,0.568755,-0.15522,-1.07079,0.488042,-0.640108,0.714289,-1.065713
existence,-0.347244,1.057796,0.237319,-0.9269,1.396893,0.574333,-0.684961,-0.896589
complexity,-0.39825,0.264986,0.562346,-0.729807,0.335891,1.571027,-0.346773,-2.938437
isomorphism,-1.153825,0.312583,2.279419,-1.632918,-0.782668,1.964994,0.340661,-0.995881
commutative,-0.596412,0.551072,1.9315,-1.64756,-1.212322,2.520018,0.390547,-1.296469
quotient,-1.137879,0.154538,1.965063,-1.139045,-0.43935,2.073606,0.75222,-1.067497
half,0.007873,1.927846,-0.047033,0.633835,1.106025,-0.777851,0.797545,0.097598
decomposition,-0.081793,0.612755,1.811886,-1.455735,-0.761397,1.558105,0.277989,-1.689608
density,0.562805,1.007464,1.583502,-1.671098,0.791781,1.583733,2.962649,-0.75553
affine,-0.790993,0.824643,1.591683,-2.121805,-1.312848,1.881903,0.830483,-1.208701
arbitrary,-0.865866,0.523832,2.121276,-0.980722,1.24887,1.883229,0.145209,-1.779901
morphism,-1.119804,0.245974,2.275935,-2.06525,-0.706421,1.490955,1.006121,-0.721679
scale,0.176774,1.297388,0.141898,-0.916148,0.840916,0.176474,1.029015,-1.788366
suppose,-0.767522,1.536469,0.978733,-0.119858,1.111777,0.390511,-0.706518,-0.738921
increase,1.47795,1.249852,0.936509,-0.31749,2.480834,0.471393,1.042184,-1.849385
projection,-0.488352,0.941121,0.43074,-0.976776,-0.436513,0.573029,0.886266,-1.793583
partition,-0.430738,0.111552,1.089831,-1.821551,1.096336,0.72229,0.393031,-0.311485
exponential,-0.499628,0.440516,1.916308,-1.229137,-0.277695,2.052267,0.601574,-1.901602
range,0.683913,1.305083,-0.270487,-0.606554,1.078952,-0.321454,1.836569,-1.531133
subspace,-1.228066,0.621035,2.105259,-1.821547,-0.761968,1.790674,1.048681,-1.179006
support,0.438129,0.454538,-0.529253,0.502519,2.11595,0.124244,-0.035855,-1.176491
diagonal,-0.849473,1.292654,1.621238,-1.437121,-0.702503,-0.057074,1.685269,-0.750405
computation,-0.371152,-0.275258,0.583888,-0.853302,-0.225924,2.123427,0.229741,-2.46884
curvature,-0.712278,1.179669,2.27459,-1.859036,-0.887891,1.226033,0.719396,-1.202137
flow,1.003191,1.250246,0.487681,-1.185464,0.331473,-0.531842,1.061834,-1.625725
analytic,0.021931,-0.753665,-0.327842,-0.622548,-0.04341,2.252563,-0.243286,-2.653777
chain,0.431585,0.949349,-0.029032,-0.070885,0.172714,-0.375347,0.770105,-1.624748
cohomology,-0.50475,0.265014,1.847235,-1.743687,-1.933546,1.812131,0.073828,-1.073351
trivial,-1.475733,0.873255,1.845643,-0.69745,0.036852,1.433107,-0.06415,-1.730677
converge,-0.213167,0.395823,1.376005,-1.015337,0.087795,0.282947,0.889653,-1.046743
lemma,-0.70287,0.027859,2.036097,-1.185561,-1.528267,1.438034,-0.271095,-0.866936
origin,-0.34427,1.194181,-0.923596,-1.267118,1.255581,0.108467,-0.389772,-0.492396
convergence,-0.212786,-0.255909,0.691197,-1.169812,0.219341,1.123976,0.381081,-1.41601
division,1.324335,-0.115856,-1.108137,0.706573,1.918645,-0.068632,1.239706,0.468715
union,1.373764,-0.053476,-1.303206,0.444437,2.245908,0.395161,-0.147055,0.392592
empty,-0.275379,1.606158,0.982258,-0.202113,0.447277,-0.889576,0.93214,-0.671626
computational,0.374003,-0.708504,-0.63097,-0.862306,-0.563045,2.284058,-0.157035,-3.001461
functor,-1.145475,0.120926,2.387332,-2.012812,-0.954365,1.165847,0.290155,-0.727234
fraction,-0.403681,0.751786,1.716272,-1.135994,0.596746,1.225327,1.029642,-1.311606
source,0.017959,1.050074,-1.20113,-0.5866,1.100893,0.855287,0.318642,-0.48064
eigenvalue,-1.586054,0.661344,2.495695,-1.482083,-0.028051,2.323651,0.632122,-0.806318
translation,-1.422781,0.909618,-1.523174,-1.110769,0.356328,1.591798,-0.753488,-0.165375
hypothesis,-0.146949,0.866117,0.798856,-1.567472,0.249328,1.394407,-0.899932,-1.805444
scalar,-0.842698,0.962751,2.230847,-1.234942,-0.562242,2.367206,0.864845,-1.574372
coxeter,-0.307462,0.198546,0.702107,-1.417992,-3.114027,1.531033,1.465306,-0.429573
third,-0.189843,1.436448,-0.55046,1.143035,1.369364,-0.110881,0.727686,0.248584
Fourier,-0.710525,0.236014,1.188368,-1.681502,-1.077767,2.302431,0.248415,-1.303798
bit,-1.536496,0.931124,0.860905,0.711671,0.057071,0.063629,1.177858,-2.047354
exact,-0.446593,1.410875,0.793141,-0.996868,1.054792,0.99236,0.084696,-1.093363
elementary,1.591289,0.001563,-0.927506,0.064299,-0.99456,0.055757,0.222356,0.08159
maximal,-0.795556,0.607437,2.291212,-1.148407,-0.059043,1.604456,0.856158,-1.193377
radius,-0.349446,1.226581,1.643382,-1.07849,-0.061549,0.583567,2.303287,-1.027479
homomorphism,-1.065754,0.304722,2.452464,-1.76205,-0.8482,1.88593,0.705492,-0.612253
identify,0.156004,1.223729,0.033484,-0.751676,1.304966,0.72943,-0.395172,-1.255841
distinct,-0.456796,1.578749,-0.106722,-2.207057,0.938787,0.063925,0.322715,-1.752029
minimum,0.815278,0.481949,1.317454,0.101944,1.748295,1.00797,1.642662,-1.403083
development,1.128155,0.108501,-1.391416,0.052336,1.63129,0.446381,0.296848,-1.935824
ordinal,-1.317987,0.032436,2.633794,-1.361109,-0.194583,2.109043,0.227045,-0.366065
homotopy,-0.329317,0.36927,1.918711,-1.85238,-1.556747,1.769133,0.328658,-1.368212
elliptic,-0.327554,1.04241,1.757709,-1.597636,-1.722787,0.773003,0.9849,-1.144501
mapping,-0.009429,-0.115638,-0.048006,-1.340144,-0.151392,1.419141,1.066114,-2.229732
alternative,-0.011785,0.611971,-0.722916,0.021197,1.023127,0.391732,0.085336,-2.099045
rate,0.788482,0.942404,0.988461,0.492455,1.839145,0.779958,1.400125,-1.542176
character,-1.591647,2.005392,-0.644447,1.143763,0.216426,-0.462665,-1.183264,-1.238853
central,1.157266,0.465807,-1.519151,-0.733832,1.720246,-0.718735,0.909595,-0.053542
irreducible,-1.309207,0.693072,2.688574,-1.695123,-0.649468,2.386163,0.389446,-1.186315
principal,0.98164,0.565562,-0.969052,0.190314,0.437545,0.398105,-0.783352,-0.133381
count,-0.580544,1.671415,0.511115,0.11425,1.329332,1.078836,-0.124714,1.298679
finitely,-0.919602,0.501385,2.635475,-1.338074,-0.64129,2.007812,0.682929,-1.203635
kernel,-0.824558,-0.397722,1.116226,-0.594963,-0.248937,0.605368,1.242471,-2.17452
infinity,-1.514793,0.597973,0.470833,0.315587,-0.628734,0.64193,0.615117,-1.263696
calculation,-0.13831,0.335197,1.207177,-0.779044,0.532993,1.89598,0.757455,-2.116703
draw,-0.583632,1.285895,-0.805275,0.979259,0.873357,-0.207667,-0.021165,-0.169094
divisor,-0.849151,0.293592,2.320445,-1.401801,-0.363096,1.871794,0.860192,-0.599883
pattern,-0.168531,1.76787,0.175931,-1.429586,0.384754,-0.058971,0.550429,-2.224461
average,0.729402,0.974002,0.769676,0.758069,1.477654,0.473666,2.527621,-0.312126
knot,-0.416379,1.140731,1.304005,-0.547499,-0.760551,-0.167188,1.32419,-0.456028
assumption,-0.081755,0.647303,0.860648,-1.243318,1.042944,1.375994,-0.964616,-1.25662
expansion,0.919837,0.464116,-0.089923,-0.469284,1.319914,0.140467,1.005111,-1.167009
frequency,-0.034573,0.725196,1.150079,-0.445976,0.588968,1.138275,1.82571,-2.199938
dynamic,-0.137064,0.490106,-0.137534,-0.343723,0.086399,1.095619,0.451048,-2.826819
canonical,-1.079551,0.507996,0.829231,-1.724132,0.386235,1.887206,-0.404343,-0.772393
minimal,0.010443,0.860659,1.028129,-0.508835,0.640975,0.458417,0.472175,-2.10677
segment,-0.404648,1.018959,-0.166037,0.166633,0.169523,-0.527791,1.304226,-1.302589
sheaf,-0.596905,0.032252,1.768692,-1.815608,-1.741309,0.742625,0.415045,-1.028233
approximate,-0.408574,0.765168,0.961114,-1.667626,0.644878,1.059577,0.822282,-0.080608
combination,-0.057397,1.278955,0.14047,-0.379281,0.389925,0.064644,0.748569,-1.904946
relative,0.035896,1.450221,0.872269,-0.823696,1.184975,0.453525,-0.318276,-0.915986
programming,-0.744267,-0.314977,-1.287143,1.352858,-0.177256,0.722297,0.535304,-2.468748
optimization,-0.003598,-0.730035,0.623419,-0.481468,-0.333907,1.63036,0.382077,-2.969289
variation,-1.064465,1.536784,-0.251177,-1.008697,-0.050338,0.547274,0.71465,-1.423849
frame,-0.012839,1.830572,0.351853,-0.293176,-0.15911,-0.148578,1.00605,-1.361477
variance,-0.502897,0.266292,1.998573,-1.039369,0.362267,1.978602,0.426991,-1.803677
branch,1.485819,0.651375,-0.866172,-0.893544,0.970174,-0.491684,0.514525,-0.02314
boolean,-1.307484,-0.00276,1.951465,-1.383128,-0.367953,2.318598,0.406112,-1.65553
harmonic,-1.48766,1.118044,0.912956,-1.102556,-0.976193,1.254366,0.55373,-2.04481
optimal,0.279857,0.228967,1.491613,-0.672186,0.328189,1.317274,0.577533,-2.69158
ordinary,-0.293799,1.022933,0.41708,-0.561537,0.982072,0.548288,-0.520171,-0.823757
polyhedron,-1.57735,0.687151,1.876507,-2.129762,-2.065586,0.587025,0.835595,-0.808803
singular,-2.055275,0.801419,0.696171,-1.60662,0.489625,0.970365,0.068384,-1.016221
filter,-0.076139,0.687188,1.061494,-0.357513,-0.405246,0.410574,1.300855,-2.891116
automorphism,-1.102908,0.306174,2.089779,-1.843248,-1.022622,1.518856,0.719371,-0.76201
absolute,-1.021083,0.824736,1.008695,-0.224163,1.330716,1.370937,-0.128274,-1.101073
constraint,-0.097042,0.167996,1.16641,-0.650848,0.973629,1.623828,0.186981,-2.405286
relationship,-0.353714,1.251193,-0.157948,0.362597,1.092645,0.322039,-1.832245,-1.426819
multiply,-0.902186,0.644802,1.964056,-0.655491,0.669322,0.968109,0.931614,-1.322841
decision,0.338816,0.100927,0.315763,1.563101,2.293267,1.116404,-0.680488,-0.824795
six,0.350059,1.637583,-0.615887,0.752825,1.317032,-0.32655,1.098563,0.042611
homogeneous,-0.628048,0.42843,1.30596,-2.147681,0.176749,1.220261,0.683436,-1.727902
cyclic,-0.624826,0.559727,1.836389,-1.524169,-0.600027,1.492238,1.005795,-1.708169
stochastic,-0.101441,-0.453575,1.082355,-1.099274,-0.791239,2.247996,0.091176,-2.237909
Banach,-1.230035,-0.311821,1.894233,-1.262617,-1.318187,2.219114,-0.051557,-0.701312
spherical,-0.816541,1.512029,1.128887,-1.954174,-1.08702,0.240389,1.619691,-1.435285
riemannian,-0.636817,0.496529,1.796673,-2.145941,-1.752509,1.678628,0.26156,-1.334793
cardinal,-0.561082,0.75244,0.19021,0.251683,0.699477,0.619297,-0.310474,2.116896
generator,0.355098,0.565043,1.102445,0.090148,-0.384545,0.6478,1.899761,-2.089162
cubic,-0.065951,0.60144,1.52196,-1.385499,-0.457436,0.740925,2.777864,-0.404578
closure,1.27173,0.449216,0.369216,-0.053721,0.976963,0.084235,0.604269,-0.779205
necessary,0.705273,1.018225,0.944448,-0.29276,2.027874,0.596507,-0.159432,-2.063077
inner,-0.060856,1.571799,0.09464,-1.23375,0.366028,-0.697896,0.309681,-0.806127
complement,-0.254698,0.718304,0.457437,-0.681755,0.391399,0.60837,0.933652,-1.444817
planar,-1.007316,0.422996,1.318743,-1.761391,-1.350183,0.837826,1.389729,-1.82564
stable,0.564406,1.11656,0.692154,-0.557292,0.281258,-0.111419,0.317672,-1.201477
induce,0.480504,1.334075,2.053688,-0.78737,0.298655,0.901575,-0.082187,-2.080323
Hausdorff,-0.711632,-0.033416,2.167504,-1.411902,-1.242436,1.477404,0.513607,-1.031469
cartesian,-1.347665,0.360517,1.305943,-2.070995,-1.105991,1.346196,0.085483,-1.349074
logical,-1.057416,0.239565,0.846893,-1.031295,0.326744,2.123091,-0.548537,-2.226238
alternate,-0.722027,1.346567,-0.055776,0.255771,-0.017623,-0.015751,0.871542,-0.79838
gaussian,-0.955838,0.402419,2.030667,-1.447863,-0.911679,1.93349,1.027081,-1.76879
composition,-1.098498,1.455744,-1.275029,-0.363796,-0.108394,0.901388,0.020484,-0.748567
ball,-0.083393,1.717278,-0.018652,1.579502,-0.002818,-0.863648,0.800961,-0.40893
triangular,-0.395265,1.609461,0.992547,-1.94571,-0.871789,-0.948609,1.849705,-0.545175
Newton,1.112819,0.980509,-0.339548,0.321184,-0.998608,0.682333,-0.353452,0.274313
classification,-0.235806,0.223323,-0.374817,-0.691546,0.587452,0.857761,1.132733,-0.796323
reflection,-1.03274,1.228693,-0.243842,-0.643791,-0.23861,0.892638,-0.485829,-1.607973
differentiable,-1.20089,0.43534,2.394106,-1.662855,-0.720868,1.5744,0.746586,-1.194411
loop,0.400245,1.120669,0.720948,-0.099039,-0.484357,0.084265,2.093391,-1.032388
population,1.29472,0.650893,0.071106,-1.622842,2.766865,0.329217,1.578032,0.613348
opposite,-0.35017,1.470041,0.26477,0.174857,-0.038589,-0.71108,0.003707,-0.188762
determinant,-0.329497,-0.111933,1.508124,-1.302626,0.096126,2.268969,-0.156957,-1.586393
intersect,1.413421,1.016449,1.110812,-1.061582,-0.731598,0.251126,2.223002,0.559387
conjugate,-0.776588,0.539997,1.91485,-1.657169,-0.234448,1.561213,0.818211,-1.486129
modular,-0.311842,-0.283083,0.526337,-0.558334,-0.639006,0.77357,1.4281,-2.181635
logarithm,-0.772546,0.328944,2.193324,-1.355422,-0.665429,2.045576,0.261955,-0.847651
countable,-1.196256,-0.03868,2.88847,-1.58102,-0.233198,1.584971,0.721601,-0.809953
reduction,1.162478,0.570725,1.279645,-0.452187,1.286283,1.065862,0.905798,-2.003153
spectral,-0.781471,0.660266,1.013629,-1.2028,-0.956738,1.68219,1.097667,-1.94931
homology,-0.472862,0.336148,1.405329,-1.935557,-1.250787,1.988082,0.262606,-1.35655
Cauchy,-0.362796,0.289815,1.880937,-2.053557,-1.122523,1.880282,-0.02221,-0.722778
Galois,-0.684539,-0.33743,1.668559,-1.899743,-1.239761,2.114459,-0.275153,-0.758359
NP,-0.413814,-0.684664,1.490026,-0.508148,-0.514295,1.481743,0.302217,-0.34861
separate,0.548924,1.390359,-0.201814,-0.727304,1.44017,-0.331052,0.726562,-0.865487
decimal,-1.141618,-0.085692,1.608043,-1.02615,0.241685,1.591218,1.323305,-0.590896
neumann,-0.458948,0.203622,0.076523,-0.170364,-0.980658,2.313484,-0.576987,0.186473
trace,-0.002785,1.251192,-0.234455,-1.112148,0.511083,0.165269,-0.015287,-0.888226
integration,0.211788,-0.921891,-0.469627,-0.420247,1.459241,1.309082,0.236574,-2.339317
criterion,0.223117,-0.019701,0.41686,-0.226392,1.29775,1.597763,-0.071075,-2.045828
primitive,-0.411139,1.191741,0.213851,-1.863232,-0.232564,0.131692,-0.041245,-1.345106
global,0.647523,-0.727726,-1.24018,0.35165,1.479639,0.741261,0.340515,-2.234783
modulo,-1.500164,0.220324,2.479558,-0.898757,-0.332071,2.676516,1.324208,-0.506545
strategy,0.530253,-0.198333,-0.010578,0.209254,1.74024,0.655555,-0.456757,-2.343297
equality,0.312036,-0.379378,0.094923,-0.193171,1.837626,1.627027,-1.528424,-1.361996
holomorphic,-0.887354,0.301053,2.212417,-1.765533,-1.245292,1.665738,0.849051,-1.221697
infinitely,-1.337931,1.081578,2.243712,-1.123426,-0.444244,0.68117,-0.0043,-1.437719
Gauss,-0.029669,-0.028045,1.372056,-1.326643,-1.069167,2.238101,-0.232182,-0.31565
nonzero,-1.496281,1.156919,2.803193,-1.213126,-0.099788,2.429827,1.12179,-0.799914
quaternion,-0.125457,0.350926,1.915594,-1.515034,-1.561164,2.117109,0.072661,-0.679476
regression,-0.36179,-0.279397,1.746469,-0.893458,-0.476155,1.942155,0.182381,-2.030479
neighborhood,1.295847,0.234982,-0.929658,-0.450731,0.806307,-1.414599,0.220854,-0.156178
correspondence,0.218667,0.732997,-0.337392,-0.722596,0.088275,1.699633,-1.247048,-0.312166
adjoint,-1.289553,0.198927,2.01713,-1.775095,-0.687546,1.834515,0.252232,-0.497207
variant,-0.736438,0.477999,0.235324,-0.518722,0.558535,0.258012,1.792983,-1.009109
disjoint,-1.219301,0.647886,2.37463,-1.891833,-0.550823,1.056253,1.3496,-0.665063
distribute,0.21389,0.208879,-0.581278,-0.103694,0.955594,0.030679,0.667586,-1.967354
evaluate,0.650139,0.086961,0.662684,-0.108961,1.180488,1.627426,-0.060185,-2.3603
additive,0.138663,-0.00152,1.202622,-1.334267,-0.566237,0.600058,0.71592,-2.646805
unknown,-0.410171,1.804583,-0.077068,-0.414603,0.943879,0.459769,-0.212484,0.63156
span,0.357712,1.175302,-0.501043,-0.50277,0.506192,-0.034143,1.576395,-0.672635
combinatorial,-0.555557,-0.267652,0.699752,-1.304785,-1.351864,2.189319,-0.204797,-2.063623
matroid,-0.760642,-0.665092,2.313466,-2.171534,-1.20443,0.978147,0.188406,-1.042372
orbit,-0.557523,0.901691,1.123751,-0.603885,-0.062978,0.542094,1.466787,-1.128654
cone,0.333651,1.597489,0.589171,-1.084619,-1.073214,-0.412402,1.258365,-0.817437
truncate,-0.195147,0.908176,1.582756,-1.290375,-1.411676,0.163661,2.031786,-0.158744
flat,0.270462,2.114194,0.096594,-0.623847,-0.361709,-1.052092,1.433918,-0.658476
simplex,0.346406,0.264609,0.571054,-1.471076,-2.172304,1.049735,0.747354,0.157334
interior,0.352644,1.032119,-0.697538,-1.054021,0.62127,-0.70692,0.539959,-0.448753
arc,-0.571914,1.055385,0.206562,-0.408008,-0.06927,-0.308515,0.826453,-0.766147
Dirichlet,-0.612592,-0.121395,1.88605,-1.692208,-1.062575,2.395716,-0.037245,-0.863354
moment,-1.495146,1.893324,0.516858,0.905379,0.559915,-0.079243,-0.484578,-1.186833
unitary,1.022903,-0.527507,1.305782,-1.929721,0.250077,1.16829,0.154692,-0.186968
iteration,-1.089546,0.175913,0.944676,0.235013,0.072597,1.024995,1.164689,-1.377149
factorization,-0.742508,0.048975,2.464957,-0.832558,-0.836186,2.053282,-0.20984,-1.048338
split,0.037577,0.970159,-0.043324,0.477855,1.083294,-0.222647,0.820069,-0.054518
Poincaré,-0.475821,0.126198,1.170726,-1.752028,-1.190347,2.437081,-0.567297,-0.264537
Poisson,-1.062589,0.186634,0.935308,-1.695726,-1.474374,1.838433,0.334354,-0.308472
entropy,-0.483592,0.111328,1.743527,-0.847442,-0.378699,2.141099,0.253559,-1.844622
sufficient,1.007665,1.133057,1.570285,-0.392905,1.768409,0.43486,-0.034164,-1.864636
restriction,0.87563,0.100947,0.914883,-0.06659,2.282052,0.594348,0.160384,-1.490058
orientation,0.095631,0.479434,0.467377,-1.138079,0.932727,0.80106,-0.115161,-2.010727
recursive,-0.752398,-0.237603,1.723649,-1.347558,-0.548995,1.638289,0.357862,-1.822535
prior,1.026094,0.900626,-0.313298,0.648727,1.708136,0.213009,-0.015286,-0.302839
truth,-1.294038,1.41239,0.12907,0.508258,0.696476,0.727809,-1.932801,-1.034696
hamiltonian,-0.245156,0.592516,2.144738,-1.384719,-1.119142,2.064735,0.130575,-1.525327
proposition,-0.286067,0.123304,1.387165,-0.02936,0.903214,2.079964,-0.451974,-0.75157
spectrum,-0.10533,0.371222,0.119462,-0.038107,-0.141927,1.272548,0.90293,-2.178115
significant,1.055594,1.081879,-0.220034,-0.786372,1.928626,0.230419,-0.12373,-1.520332
duality,-1.292034,0.234449,1.168552,-1.374678,-1.124044,1.59619,-0.508995,-1.362591
exponent,-1.393532,-0.402861,0.401235,-1.061792,-0.11524,1.162865,-0.197481,-0.808189
states,1.973948,0.560709,-1.60176,0.914848,1.680937,0.217476,0.350464,-0.079363
asymptotic,-0.282416,-0.017659,1.78923,-1.312416,-0.733049,2.104378,0.132599,-1.659645
correlation,-0.036665,0.611943,1.239224,-1.103026,0.077141,2.034401,0.050444,-2.256515
estimator,-0.251921,-0.283765,2.828645,-0.96791,-0.786506,1.743713,0.190462,-1.180264
critical,-0.426552,1.138109,-0.595417,0.545402,0.808433,1.01712,-0.76585,-1.709642
characterize,-0.049597,1.351638,0.217947,-1.313094,0.500814,0.142571,-0.643929,-1.88668
translate,-1.453382,1.087317,-1.300876,-0.911798,0.197769,0.923095,-0.79811,0.081456
geodesic,-0.295524,0.380391,1.971256,-2.222266,-1.299172,1.129223,0.659046,-1.012704
semigroup,-0.464906,0.082963,2.505318,-1.303809,-1.519474,1.872108,0.05485,-0.965882
explicit,-1.088917,0.587642,0.817109,-0.373159,1.153616,1.554763,-0.89337,-2.074217
periodic,0.2705,0.424337,1.1725,-0.964656,0.2351,1.102438,0.425038,-1.647971
singularity,-0.689333,0.3099,1.318142,-1.006899,-0.92256,1.159217,-0.219665,-1.380948
numeral,-2.266039,0.065354,0.640118,-2.016979,0.476253,0.547622,1.132506,-0.250508
measurable,-0.726119,0.091291,2.231032,-1.200506,0.377226,1.805078,0.23724,-1.64048
null,-1.176232,0.305806,2.025022,-0.191006,0.042567,1.629621,0.397845,-1.104296
fiber,0.547253,0.767771,0.529456,-1.180479,-0.660787,-0.319574,1.472513,-2.7219
tile,-0.393079,1.14502,0.128968,-1.642561,-0.750645,-1.390018,1.245035,-0.984472
classify,0.211319,0.562845,-0.022179,-1.112277,1.055785,0.347941,0.678555,-1.051847
transitive,-2.21821,0.086265,2.502591,-1.674187,0.064369,1.145978,0.516842,-0.901548
restrict,0.899539,0.615394,0.633595,-0.735614,1.85071,-0.040031,0.350274,-1.332727
Laplace,-0.680219,0.206033,1.391945,-1.619775,-1.107309,1.814133,-0.11402,-0.246823
differ,-0.38864,1.244517,0.210009,-1.306708,1.056089,0.353001,0.15769,-1.853735
multiplicative,-1.482872,0.152123,2.048674,-1.270489,-0.319592,2.22848,0.617532,-1.218546
round,-0.383574,1.07888,-0.288173,2.008736,0.872839,-0.990745,1.702709,0.591531
tetrahedron,-1.103893,0.369529,1.619171,-1.799739,-1.656508,0.17215,1.542981,-0.476029
expand,1.056495,0.760374,-0.90527,-0.480309,1.387553,0.046491,0.526353,-1.070486
Cantor,-0.54352,0.000976,0.059962,-0.201974,-1.130133,1.296387,-1.207907,-0.015209
Borel,-1.225735,-0.311971,1.580555,-1.269252,-1.272924,1.87462,-0.032874,0.140299
Fermat,-0.821492,-0.163043,1.688615,-1.540766,-1.356055,1.540273,-0.595327,-0.119821
nonlinear,-0.630214,-0.197436,0.511635,-0.93779,-1.220313,1.966547,0.151972,-2.751426
Markov,-1.090901,-1.051195,1.413371,-0.411178,-0.467794,2.051669,-0.179333,-0.483632
torus,-0.669151,0.169475,1.576869,-1.61755,-1.704188,0.677223,1.108379,-1.136138
dynamical,-0.314027,-0.391982,0.672849,-1.793889,-1.107962,1.857433,-0.240204,-1.850044
compound,0.389711,1.072924,1.025861,-1.339471,0.210334,0.261645,0.864428,-1.658763
height,0.650508,1.592609,0.287466,-0.602297,0.521691,-0.746315,1.585846,-0.256559
adjacent,1.783795,1.156551,-0.435777,-1.221677,0.244214,-1.330246,1.587214,0.029176
comparison,-0.557599,0.591883,0.027384,-0.269967,0.89692,0.786496,0.52905,-2.002265
paradox,-0.819616,0.088193,0.6281,-0.477211,-0.582741,1.287098,-1.136553,-1.348403
dependent,0.659333,0.6912,1.075621,-1.376431,1.358856,0.819952,0.321218,-1.968703
log,0.968898,0.876346,0.48524,-0.197976,-0.087947,-0.395979,1.192197,-1.06746
$\mathbb{zeta}$,-0.51833,-0.963867,0.607461,-0.64697,-0.4752,0.681897,0.161905,0.034577
fit,0.013456,1.536778,0.786462,0.183822,0.45866,-0.266435,1.201313,-1.338911
cardinality,-1.487461,0.263796,2.772018,-1.594803,-0.165505,1.876878,0.816956,-0.447894
coloring,-1.132755,0.669474,0.709665,-1.012431,-1.405891,-0.068441,0.023988,-1.847458
polar,0.068086,0.515443,-0.002492,-1.139575,-0.490582,0.104695,0.833021,-0.83227
uniformly,-0.885027,1.209441,1.790509,-1.386456,-0.182412,0.214446,0.412856,-1.246796
Weyl,-0.277481,0.525671,1.881482,-1.219156,-1.761922,2.310601,-0.471765,-0.629487
tend,-0.023303,1.51606,0.716227,-1.031238,1.240626,-0.69117,-0.436109,-1.935501
symplectic,-0.552503,-0.248785,1.775408,-1.983235,-1.838641,1.804911,0.072245,-1.162022
combinatoric,-0.438338,-0.607363,0.596207,-1.767645,-1.746755,2.237667,-0.544918,-1.618201
induction,0.386789,0.148116,0.883907,0.126704,-0.346766,1.217306,0.320354,-1.818066
Lebesgue,-1.345262,0.092603,2.162983,-1.992588,-0.664155,2.265082,0.048892,-0.295285
perpendicular,-0.232325,1.926152,1.555451,-1.950768,-0.79217,-0.433056,1.815179,-0.56381
decrease,1.076228,1.243031,1.753606,-0.742306,1.797593,0.54069,1.085744,-2.03526
binomial,-0.340179,-0.049386,0.595698,-2.512517,-1.212429,1.331757,0.410945,-0.168086
net,0.321708,0.252418,0.413864,0.704498,1.023661,-0.007883,1.395282,-1.177911
dense,0.102188,1.74599,0.760775,-2.099122,-0.16919,-1.388694,1.18653,-1.646081
integrable,-0.654964,-0.01033,2.466127,-1.381874,-0.833683,1.903974,0.169485,-1.347016
outcome,0.570502,0.391205,1.162963,0.356885,1.79699,1.476804,-0.917751,-2.073557
conditional,-0.357054,-0.276761,1.762329,0.198304,0.830986,1.925803,-0.027584,-1.197528
quadrilateral,-0.363295,-0.668477,2.191464,-2.250116,-1.041701,-0.04528,0.918954,-0.314153
injective,-1.412872,0.099805,2.890806,-1.513755,-0.43454,1.754629,0.883769,-0.953535
gradient,0.373504,0.896518,1.864938,-1.59089,-0.009292,0.481497,1.867373,-1.691884
Gödel,-0.499753,-0.507974,1.096351,-0.936469,-1.330644,2.518698,-1.139099,-0.75324
invertible,-1.492035,0.513216,2.505237,-1.554609,-0.312832,2.082855,0.920079,-0.539311
middle,0.495244,1.372102,-0.985362,-0.603749,0.933871,-0.718805,0.155149,-0.081079
inclusion,0.086655,0.2079,-0.276955,-0.180149,0.935714,0.546328,-0.356041,-1.864911
identical,-0.705149,1.321349,0.564247,-0.587896,0.367666,0.2535,0.928529,-1.291605
vary,0.00729,1.45494,0.386326,-1.365727,1.322277,-0.108239,1.102768,-1.969725
transition,0.359491,0.4659,-0.003309,-0.224919,0.817037,0.57328,0.606311,-1.672884
eight,0.258472,1.570763,-0.564991,0.739096,1.320229,-0.458452,1.098446,0.074578
likelihood,0.314861,0.618133,2.255992,-0.466057,0.976891,1.438882,-0.3047,-1.763431
deviation,-0.129203,0.622444,1.837037,-1.169262,0.414728,1.236801,0.54968,-1.388789
infinitesimal,-0.73404,0.161872,1.995856,-1.82047,-1.010888,1.846645,0.241657,-1.329805
straight,-0.456931,1.859079,0.500917,1.023367,0.166205,-1.20456,1.351595,-0.446422
strongly,0.149144,1.283083,0.67269,-0.917832,1.123369,-0.03122,-0.907312,-1.076477
fractal,-1.078812,-0.322663,0.474351,-1.245735,-1.723556,1.073267,0.151441,-1.728993
grow,0.840849,1.482984,-0.648225,-0.161951,1.18874,-1.018696,-0.216872,-0.692701
generating,1.35516,-0.25467,0.929343,-0.969697,-0.554386,0.872873,1.210136,-0.986936
conic,-0.69433,0.697517,2.052333,-2.042354,-1.68304,0.669033,0.656111,-0.638186
independently,0.075831,0.498359,0.02567,-0.150676,0.642837,0.766702,-0.189776,-1.154548
remainder,1.026096,1.128123,0.778452,0.318416,1.345602,-0.152668,0.826721,0.507306
sampling,-0.276896,0.244842,0.793509,-0.327551,-0.638743,1.130724,0.596646,-2.571045
Jordan,0.464622,0.634553,-0.79171,1.456854,0.063589,0.217809,-0.404036,0.709864
rectangle,-1.220118,1.231075,1.352801,-1.781199,-1.018136,-0.328259,1.758235,-0.644487
monoid,-0.871081,-0.034045,2.405531,-1.986602,-1.159043,1.768603,0.305339,-0.854374
derivation,-0.991593,0.545159,1.01775,-1.989464,-0.070308,1.349277,-0.021397,-1.058452
conformal,-0.627441,0.181052,1.896258,-1.89907,-1.538214,1.708675,0.47913,-1.450716
exterior,0.095582,1.435253,-0.249792,-1.612218,-0.473108,-1.19502,1.046358,-1.130946
growth,1.334101,0.699594,0.131335,-1.023413,1.298712,0.229271,0.556071,-1.923568
inference,-0.397145,-0.032797,1.260256,-0.907564,0.016516,2.577208,-1.043125,-2.104311
isometry,-1.150867,0.082084,2.244119,-2.427858,-0.63995,1.691288,0.683562,-0.847812
definite,-1.399371,0.877623,1.38261,-1.19806,0.780856,1.181419,-0.227522,-1.00603
fractional,0.061588,-0.272162,2.064791,-1.175147,-0.670486,1.057786,0.810983,-1.312435
rotate,-0.1232,1.242224,1.284241,-0.055339,-0.109424,-0.45214,1.618966,-1.745515
seven,0.123173,1.661932,-0.698615,0.741616,1.239525,-0.447001,0.65313,0.149538
associative,-1.115232,-0.456455,1.540885,-1.346391,-0.440714,1.635939,0.283182,-1.780182
universe,-1.608931,1.011098,-0.213542,0.257039,0.049029,0.146081,-0.488351,-1.321915
hierarchy,-0.379268,-0.146866,0.21052,-1.513222,1.268019,1.115091,-0.649134,-0.921492
subgraph,-0.755716,0.116641,2.90168,-1.892686,-1.019629,0.589056,0.622306,-0.625383
sentence,-0.411428,0.713951,1.087225,0.748651,1.822707,1.159912,-1.040866,0.013507
pole,-0.332348,1.049419,0.557632,0.116441,0.686319,-0.522063,0.972162,0.418053
bayesian,-0.481379,-0.862578,1.136039,-1.116066,-0.790956,2.441995,-0.409726,-2.094879
sine,-1.405249,-0.457922,1.101902,-1.161546,-0.690919,0.936579,0.516103,-0.200084
simplify,-0.817322,-0.189688,0.39521,-0.981645,0.707605,0.551816,0.450596,-1.84602
degenerate,-0.785243,0.603804,1.816779,-1.25407,-0.173534,0.519031,-0.122458,-0.478706
fold,0.239977,1.353675,0.509971,-0.294832,-0.127708,-0.671855,1.322585,-1.119363
circular,0.048312,1.542165,0.540139,-1.845672,-0.196493,-0.733272,1.568876,-1.054644
Taylor,1.03723,1.559479,-1.002975,2.026427,-0.80754,0.265568,-0.788139,0.3662
minimize,0.761171,0.627117,1.940946,-0.466881,1.0491,0.31534,0.454649,-2.762766
characterization,-0.649624,0.580107,0.581512,-0.595942,-0.717732,1.045148,-0.803911,-2.421825
Euclid,0.766787,-0.514022,0.707921,-1.536194,-1.22558,0.295225,0.138238,0.010103
Leibniz,-0.450705,-0.751947,0.142903,-1.732272,-0.818709,2.539991,-1.207147,-0.298317
demonstrate,0.311161,0.98311,0.149951,-0.492977,0.950315,0.671718,-0.595071,-2.048053
stability,0.545829,0.210889,1.215523,-0.894228,1.089527,0.827719,0.251536,-2.081364
skew,-0.677574,0.187121,2.101245,-1.411283,-0.788891,0.835772,0.611924,-1.104374
imaginary,-1.521987,1.099504,0.306126,-0.733797,-0.607282,0.560743,-0.6182,-1.116523
plot,-0.993462,1.485777,-0.364733,1.173765,0.401459,-0.543141,-1.218511,-0.409145
predicate,-1.540769,0.062474,1.699193,-1.392419,0.411568,2.05129,-0.237859,-1.327502
resolution,0.206041,0.15034,0.817487,-0.394441,1.63855,1.95368,0.875398,-0.589206
proportional,0.255602,0.074884,1.924016,-0.729121,0.981107,1.631933,1.132566,-1.101291
digital,-0.475679,0.090219,-1.54266,0.518535,0.193926,0.925839,1.016315,-2.277639
residue,0.436967,0.850985,1.875988,-1.544551,-0.396187,0.842138,1.631209,-1.290307
cluster,0.115187,0.506518,0.099916,-1.471554,0.1596,0.32142,1.528102,-1.631226
Grothendieck,-0.786833,-0.344747,1.17604,-2.153516,-1.918224,1.573611,-0.561196,-0.663791
trigonometric,-0.995517,-0.299655,1.690542,-2.022343,-0.891758,1.997834,0.075718,-1.367133
diameter,-0.35901,2.232925,1.396339,-1.375062,-0.218449,-0.123351,3.229791,-0.716663
Bernoulli,-0.30558,0.118923,1.814045,-1.344902,-1.243357,2.259222,-0.311079,-0.311706
modulus,-0.094311,0.8273,2.161946,-1.49516,-1.289193,1.637024,0.773457,-1.061795
estimation,-0.220846,-0.101238,1.275053,-0.941525,0.169726,1.98408,0.251673,-1.916051
hermitian,-1.290334,0.352737,2.548765,-1.998818,-0.908173,1.707066,0.291438,-0.724812
ordering,-0.966092,-0.207466,1.682799,-1.292076,0.307932,1.31736,0.340453,-1.72479
eigenvector,-1.883813,0.050467,2.514253,-1.579939,-0.098745,2.124278,0.702983,-0.518631
nine,0.185273,1.434474,-0.391682,0.831705,1.245999,-0.438454,0.798082,0.129814
Erdős,-1.125869,-0.854268,1.466235,-0.733842,-1.501855,1.731282,-0.784515,-0.151323
inversion,-0.635238,0.588818,1.463783,-1.065704,-0.428348,1.007636,0.787312,-1.524983
vertical,-0.053056,1.523159,0.723591,-0.810631,-0.06356,-0.947626,2.123758,-1.800171
computable,-0.63006,-0.327976,2.578434,-1.323908,-0.541348,2.341612,-0.106642,-1.213206
Church,1.375342,1.661456,-1.332944,-1.394383,1.523902,-0.132238,-0.842466,1.475795
continuity,-0.588371,0.537,0.359192,-0.408776,0.409424,0.815825,-0.671226,-1.372447
Cartan,-0.573605,-0.204644,1.473886,-2.094139,-1.984433,1.861726,-0.353564,-0.414837
fourth,-0.208047,1.333041,-0.481681,1.290645,1.234558,-0.153702,0.692433,0.580999
interaction,0.226208,0.769774,0.301819,-0.92916,0.473589,1.20586,-0.21807,-3.034277
embed,-0.833622,-0.876242,0.323863,-0.65247,-0.368315,0.900699,1.161396,-2.851848
Conway,0.953411,0.792433,-0.04822,1.087119,-1.251424,0.308625,-0.451584,0.50835
valuation,1.210477,-0.619123,1.265147,-0.450533,0.391187,1.688936,0.280509,-1.271966
chart,-1.325135,1.549705,-0.991221,1.784042,-0.303419,-0.019627,0.856751,-0.897465
internal,0.567791,0.602144,0.577811,-0.525246,1.5662,0.610531,0.432586,-1.766665
separable,-1.216709,0.097521,2.651215,-1.556433,-0.614237,1.928802,0.492681,-1.045313
coincide,-0.182196,0.326748,-0.033799,-0.322784,1.0266,0.074876,0.310085,-0.504582
loss,0.771883,1.134115,1.062717,1.147729,1.885164,0.175447,1.026441,-0.372787
arrow,-0.497578,1.125069,0.408369,0.367166,-0.187472,-0.752406,0.615419,-0.213847
orient,-0.300052,0.119081,-1.00125,-0.65234,0.517946,0.1436,0.436709,-1.852408
pythagorean,-1.770885,0.064615,1.65268,-1.994179,-0.66709,0.965028,-0.218329,-0.408717
convolution,-0.893529,-0.201268,2.129014,-1.27963,-1.004131,1.794226,0.70288,-1.663748
Dirac,-0.172467,-0.125223,1.261844,-0.973129,-1.568713,2.070381,-0.249687,-1.257292
Minkowski,-0.942218,0.225389,1.293633,-1.54301,-1.926035,2.030098,-0.367956,-0.520194
denominator,-1.589871,0.278419,2.343357,-0.929343,0.292956,1.519557,0.638233,-0.878883
centre,1.418271,-0.004068,-2.104625,-0.525328,1.002628,-0.565837,0.629157,-0.365546
Lagrange,0.92326,-0.18474,0.635864,-1.374617,-1.419639,1.048643,0.141914,0.266186
hull,1.616723,1.3136,0.433152,0.319135,-0.405448,-0.277336,1.090338,0.265684
bipartite,-1.185018,-0.642769,2.454569,-1.295315,-0.602536,1.053152,0.875433,-0.923317
linearly,-0.968004,0.809149,2.697389,-1.342052,0.028378,1.316069,1.28551,-1.462095
outer,0.210593,1.843898,0.377769,-1.301499,0.04869,-1.269262,1.455395,-0.906873
interpolation,-1.012738,0.536247,1.814087,-0.666855,-1.627658,1.343328,-0.021021,-1.545866
dot,-0.332211,1.226694,0.098172,-0.298613,-0.591467,-0.520811,0.894899,-1.127359
simulation,-0.139954,-0.390067,-0.126971,-0.1711,-0.028663,0.944758,0.804367,-2.918931
congruence,-1.155649,-0.046615,2.379243,-1.200323,-0.689591,2.1897,-0.040576,-0.996626
summation,-1.181615,0.177256,2.154805,-0.738793,-0.806633,2.032753,-0.134927,-1.141435
substitute,-0.37588,0.266445,0.509278,0.802723,0.491255,0.102939,0.5144,-0.147679
width,-0.485391,1.78346,1.231422,-1.118903,0.213675,-0.253456,2.951871,-0.908252
Klein,-0.264183,0.391384,-0.636719,0.902902,-1.050892,1.388378,-0.745044,0.06261
semisimple,-1.052352,-0.109406,2.444851,-1.371792,-1.294905,1.432324,0.306325,-0.791866
congruent,-1.675065,-0.067192,2.290406,-1.479807,-0.277543,0.732063,0.592291,-0.690214
converse,-0.089522,0.439433,0.966826,-0.164008,-0.660064,0.341014,-0.877073,-0.579444
torsion,-0.357931,0.572091,2.410216,-1.142047,-1.290126,0.623415,0.720135,-1.198792
clique,-1.179897,-0.966251,1.452546,-0.856153,0.14484,-0.288274,-0.282392,-0.117738
divisible,-1.499605,0.219606,2.524161,-0.946492,0.046471,1.429599,1.064369,-0.359195
compose,-1.124531,1.241303,-1.009044,-0.213976,0.295294,-0.163548,0.012364,-0.229412
honeycombs,-0.795962,-0.282761,0.392829,-2.100764,-3.359224,1.89675,1.539819,-0.36894
median,0.525021,0.30117,1.752226,-0.867612,0.921492,0.180154,2.405628,-0.195795
predict,0.18658,0.799924,1.07653,-0.092962,0.581574,1.158673,-0.074512,-1.802641
Möbius,-1.231808,0.092243,1.51981,-1.320944,-1.682542,1.809309,0.26677,-0.625542
simplicial,-1.100173,-0.038205,1.867741,-2.289627,-1.714915,1.481741,0.400613,-1.075522
Jacobi,-0.396712,0.341982,0.775709,-0.687252,-1.836804,1.97074,-0.721851,0.228761
embedding,-1.238279,0.270426,1.915147,-1.893631,-1.326583,1.04381,0.908278,-1.515781
integrate,0.49319,-0.525037,-0.824466,-0.647194,1.10964,0.358769,0.984192,-2.556411
decide,0.169243,0.926321,-0.078129,1.569135,1.84326,-0.419642,-0.952531,0.051273
cosine,-1.738447,-0.224156,2.272391,-1.717788,-0.898997,1.675483,0.680584,-1.117399
hexagonal,-0.78932,0.96847,0.957761,-2.073349,-1.590765,-0.799661,2.101702,-0.619705
joint,1.327682,-0.07812,-0.441104,0.144856,1.395264,0.292692,0.450598,-1.027836
algebraically,-1.298394,0.328324,2.207603,-1.40193,-0.622962,1.875116,0.321484,-1.053283
convergent,-0.628241,0.189109,1.604687,-2.126098,-0.514972,0.521732,0.063092,-1.517185
propositional,-1.504178,-0.208535,2.063803,-1.580291,-0.425868,2.759373,-0.521376,-1.405769
solvable,-1.35176,0.16945,2.748632,-1.086307,-0.698645,1.79194,-0.010412,-1.22575
commute,0.928544,-0.139111,1.576335,-0.146596,0.421502,0.406738,0.757598,0.02757
dodecahedron,-1.463837,-0.222233,2.319484,-2.448044,-1.938783,-0.643139,1.052237,0.273474
substitution,-0.575195,0.116752,1.57112,-0.504012,0.155823,1.133552,0.586627,-1.427256
deterministic,-1.017415,-0.561141,1.91218,-0.867867,-0.087642,1.756458,-0.146793,-2.425311
data,0.220272,-0.907729,-0.349677,-0.109687,0.471369,1.480668,1.385759,-2.4024
Hodge,0.832701,0.823416,0.103374,1.147409,-1.278328,0.810287,-0.645752,0.361111
tessellation,-1.102481,0.049251,1.091312,-1.893359,-2.512119,0.78915,0.871161,-0.849321
covariance,-0.865348,-0.129159,2.324129,-1.242614,-0.506076,2.485567,0.48138,-1.511864
bilinear,-1.25122,0.086084,2.232056,-1.751319,-1.033641,1.702697,0.647672,-1.335311
Fibonacci,-1.3227,-0.452926,1.831791,-1.449966,-1.126427,1.441254,0.43631,-0.552292
Frobenius,-0.612183,-0.022766,1.64919,-1.636501,-1.116254,2.375437,-0.025275,-0.283737
Peirce,0.599498,-0.567744,0.302256,-0.833579,-1.891894,1.646062,-1.295591,-0.261963
Cayley,0.640803,0.440657,1.68615,-1.290172,-2.085554,1.489667,-0.209311,-0.030932
evaluation,0.834642,-0.42033,0.128722,0.089647,1.196946,1.88384,-0.064277,-2.327952
irrational,-1.260386,0.2887,2.057258,-0.5965,0.246141,1.096974,-1.557817,-1.493797
composite,0.364913,0.507741,0.278885,-0.603418,-0.286787,0.005835,1.433231,-1.540395
noise,-0.391299,1.349639,0.744981,0.531433,-0.207188,0.126689,0.541082,-2.521621
Hamilton,1.671708,1.24142,-0.81939,1.340171,-0.341247,0.100039,-0.405804,0.929481
walk,-0.152426,1.986902,-0.236947,1.141616,0.29055,-1.33136,0.293449,-0.316702
recursion,-0.635495,-0.263056,2.228682,-1.054786,-0.79523,1.892747,0.042742,-1.669488
likely,0.446937,1.957883,0.76389,-0.861951,1.636882,-0.096682,-0.408422,-0.871229
radical,-0.091592,0.390688,0.034021,-0.665754,1.046197,1.001277,-1.166523,-0.787023
slope,0.795401,1.540188,0.491953,-1.826524,0.13616,-1.633204,1.555736,-0.518448
cylinder,0.202771,1.203927,1.429908,-0.242041,-0.590026,-0.240907,2.739066,-1.013248
multiplicity,-1.343935,0.194238,1.403569,-1.271565,-0.347242,1.691481,0.09876,-1.322187
computing,0.245398,-1.37163,-0.993453,-0.265775,-0.176215,1.199919,0.632229,-3.00505
expectation,-0.283006,0.554555,0.818927,0.630413,1.33707,0.731787,-0.962554,-1.818058
factorial,-1.477995,-0.246288,1.916363,-0.903854,-0.872645,1.967721,1.020426,-1.059003
recurrence,0.116298,0.530163,2.532643,-0.655599,-0.053163,1.622706,-0.213643,-1.199762
lambda,-0.410563,-1.422928,-0.14075,-0.560137,-0.793961,1.309646,0.221583,-0.899691
neighbor,0.331594,0.756431,0.171121,-0.106901,0.851273,-1.085349,-0.702772,-0.061335
hyperplane,-0.955697,0.676192,2.322205,-1.737965,-1.217804,1.193767,1.353731,-0.791128
quantifier,-1.840999,-0.278901,2.407312,-1.669627,-0.248362,1.670059,-0.042558,-0.989328
signature,-0.441573,0.685658,0.173964,0.423018,0.235603,0.293093,0.251344,-1.373788
mode,-1.138179,0.714802,0.327328,0.219029,0.620985,0.35321,1.414766,-2.655587
logarithmic,-0.809264,0.122171,2.137622,-1.227074,-0.752673,1.848888,0.826857,-1.557585
tuple,-1.692492,-0.119457,1.704792,-0.922634,-0.40058,1.778466,1.115221,-0.916316
transfer,1.241591,0.31506,-0.116667,0.226953,1.578634,0.301653,0.826408,-0.16812
accuracy,-0.319907,0.453665,1.455207,-0.249632,0.701019,1.227822,0.413833,-2.233491
depth,-0.034839,1.549567,0.673821,-0.545467,0.516713,0.166026,1.380048,-1.505234
pyramid,-0.737138,0.696949,-0.211099,-1.034654,-0.132692,-0.996637,0.77954,-0.496632
equip,0.552816,0.40647,0.992915,0.238336,0.799484,-0.417125,2.276957,-0.948203
Hopf,-0.528394,-0.039908,1.629078,-1.632113,-2.115322,1.885856,-0.12739,-0.273828
noetherian,-0.03323,-0.592334,3.086854,-0.884616,-1.479312,1.567481,0.028795,-1.053105
continuum,-0.551862,0.163658,0.071461,-1.100448,-0.835781,1.424761,-0.430512,-1.440174
angular,-0.873627,1.556626,1.690828,-1.629145,-0.766705,0.586718,1.565229,-1.769911
Legendre,-0.678043,-0.213127,1.429946,-1.331013,-1.971257,1.941837,-0.539244,0.00482
probabilistic,-0.714511,-0.797931,1.190898,-0.865437,-0.500023,2.228481,-0.381535,-2.440137
archimedean,-0.901438,-0.191003,1.607948,-1.717866,-2.142215,1.099501,0.236078,-0.382149
normalize,-1.179734,-0.305774,1.850408,-0.855011,0.85577,1.622856,0.470127,-1.328941
parametric,-0.577457,-0.302789,1.322376,-1.028314,-0.965482,1.824557,0.694399,-2.484623
facet,-0.655191,0.448956,0.672956,-1.424934,-0.613551,0.438914,0.201533,-1.51929
completeness,-0.793065,-0.521073,1.782712,-1.24826,-0.278383,1.923939,-0.708248,-1.552146
Weil,-0.632747,-0.047632,0.164138,-0.232185,-1.317427,1.662564,-0.865884,0.210171
descent,0.147016,-0.401962,-1.90227,-0.134516,1.297218,-0.395788,-0.590697,0.683288
ellipse,-0.806743,0.126926,1.507211,-1.661132,-1.250551,0.312274,1.138936,-0.58425
precision,-0.087936,0.116802,0.773666,-0.266847,-0.070508,0.693107,1.016301,-2.225387
Ramanujan,-0.742215,-1.607136,0.914394,-1.105022,-1.294119,1.367849,-1.048063,-0.332139
icosahedron,-1.108764,-0.029438,2.323006,-2.171425,-2.009623,-0.412703,1.074009,0.170489
Dedekind,-0.659733,-0.466637,2.308513,-1.390041,-1.508731,2.450818,-0.500251,-0.458779
hyperbola,-1.013893,-0.205434,1.922757,-2.066283,-1.48754,0.797251,1.012893,0.090596
negation,-2.087528,-0.185228,1.970088,-1.225711,0.444471,1.619102,-0.19943,-0.957354
contradiction,-1.360328,0.552767,0.997748,-0.967403,0.674152,1.487237,-1.649791,-1.319655
bijection,-0.994115,0.048449,2.360733,-1.830001,-0.179837,1.969541,0.799962,-0.38843
divergence,0.010919,0.452683,1.152119,-1.886359,-0.288695,1.239352,0.15077,-1.130486
groupoid,-0.377382,-0.293043,2.584138,-1.645442,-2.091193,1.336388,0.00712,-0.902166
nilpotent,-0.730855,0.124892,2.979586,-1.580781,-1.139519,1.537932,0.814896,-0.603823
similarity,-1.036502,1.361312,0.011441,-1.248245,0.361301,0.663285,-0.577364,-1.558641
stationary,0.594492,0.713902,1.753592,-0.655579,-0.21093,-0.093681,1.26865,-1.594789
orthonormal,-1.231105,0.013298,2.301766,-1.657085,-0.728085,1.922888,0.65987,-0.739341
spiral,-0.626674,1.710312,1.024714,-1.043474,-0.745352,-0.661351,0.873378,-1.065218
reciprocal,-0.279085,-0.515029,1.489582,-0.94915,0.723256,1.334507,-0.009133,-1.516867
overlap,0.395289,1.132064,0.563594,-1.461624,0.417993,0.427384,1.025915,-1.277635
decompose,0.146406,1.431256,2.132331,-1.562351,-0.800893,0.028962,0.649204,-1.515544
implicit,-0.840379,-0.000628,1.397414,-0.843414,0.767019,1.817103,-0.893088,-2.122915
surjective,-1.324918,-0.070907,2.890109,-2.004645,-0.307079,1.130036,0.915362,-0.6433
covariant,-0.842168,0.142827,2.262748,-1.90902,-1.068419,2.035281,0.284468,-0.836204
separation,0.465856,0.792281,0.859505,-0.834779,1.041312,0.851574,-0.119598,-1.364035
subalgebra,-0.799465,0.454579,2.53743,-1.711701,-1.645585,1.476605,0.207226,-0.392731
parabola,-1.480054,-0.134965,1.572456,-1.78368,-1.418343,0.235939,0.785777,-0.448936
Russell,1.051453,1.400996,-0.882074,1.6295,-0.927273,0.50745,-1.092143,0.427378
graphic,-1.29126,0.172307,-1.466708,0.57414,-0.406372,0.534375,0.562813,-2.216555
laplacian,-1.023016,-0.146556,2.357784,-1.670884,-1.328113,1.70614,0.521943,-0.995807
subtraction,-0.583955,-0.891159,1.701386,0.317124,-0.623051,0.892703,0.859568,-1.255911
nontrivial,-1.080983,0.430706,2.473556,-1.780331,-0.738038,1.680226,0.659808,-1.138747
Kepler,-0.498661,-0.174089,1.294286,-1.087253,-1.169963,1.190021,0.590512,-0.106825
exhibit,0.059465,1.333831,-1.072312,-1.24802,0.057033,0.034745,0.003671,-1.305501
weakly,-0.714027,0.840476,2.249047,-1.592491,-0.480196,-0.038362,0.40442,-1.253231
consistency,-0.31861,0.001142,1.271422,-0.36355,0.320217,0.477413,-0.344736,-2.430825
neighbourhood,0.802153,-0.374078,-0.808935,-1.264481,0.809775,-1.431879,0.497207,0.262287
implication,0.193103,0.336748,0.270443,-1.04225,0.979828,1.489855,-1.139073,-2.009669
Ricci,-1.698679,-0.274166,0.37507,-0.185694,-1.137794,0.777459,-0.577425,0.807599
diophantine,-0.787204,-0.471343,1.901422,-1.368478,-1.513497,2.456753,-0.47965,-1.151691
homeomorphism,-0.359931,0.072204,2.382338,-2.481755,-1.111174,1.261676,0.903578,-0.955508
Schur,-0.666807,-0.083922,1.821715,-0.253142,-1.981063,1.755854,-0.510114,-0.680502
lagrangian,-0.099403,0.332661,2.087894,-1.504634,-1.447631,1.773713,0.544951,-1.455959
ZFC,-1.115892,-1.80241,2.493138,-1.0696,-0.275567,1.617013,-0.452208,-0.555971
recursively,-0.618901,0.04539,2.649245,-1.493688,-0.356379,1.436477,0.311896,-0.691559
reasoning,-0.383524,0.258741,0.799192,-0.773451,0.349858,2.148058,-1.575816,-2.201909
independence,0.443417,0.040914,-0.765374,-0.362569,2.848099,0.128889,-0.931124,0.461664
equilateral,-1.142956,0.52925,2.286193,-1.680301,-1.457824,-0.22171,1.242286,-0.023472
pentagonal,-1.106483,0.154821,1.670973,-2.026696,-1.630061,-0.959509,1.732624,0.173521
chord,-1.722423,1.72879,0.953646,-0.403656,-0.914017,-0.003447,0.791094,-1.231877
subtract,-0.836133,0.070855,2.481166,0.172962,0.840814,1.10557,1.336432,-1.076882
transcendental,-1.479653,-0.238203,0.31218,-1.604434,-0.787359,1.553529,-1.577513,-1.253311
octahedron,-1.616435,0.264986,2.099218,-1.919384,-1.881264,-0.424022,1.447248,0.033243
transpose,-1.690209,0.482842,1.649609,-0.829826,-0.409356,1.101133,0.494114,-0.591648
covering,-0.199155,0.895447,1.47915,-1.645586,-0.616768,-0.720392,0.668197,-1.08246
Tarski,-0.297777,-0.991824,1.448497,-1.205676,-1.768002,2.348549,-1.583635,-0.426652
maximize,0.591785,-0.16262,1.565543,-0.22949,0.9217,0.46931,0.158915,-2.786585
chromatic,-1.8209,1.116337,1.215377,-1.214677,-1.558361,0.68165,0.611058,-1.172104
postulate,-0.314546,0.666382,0.997369,-1.388808,-0.248457,1.679994,-1.037493,-1.050288
rectangular,-0.079466,2.096698,0.523135,-2.397395,-0.501199,-1.47604,1.978413,-0.7583
trial,0.484573,0.660451,0.298318,1.310329,1.588765,0.822253,-0.430134,-0.089161
geometrical,-0.772458,0.780596,0.487897,-2.58141,-0.926759,0.873379,0.054014,-1.971663
involution,-1.169418,-0.417532,2.278127,-1.808498,-0.944669,1.566742,0.308329,-0.403226
Weierstrass,-0.097781,-0.189315,1.959523,-1.762372,-1.646087,1.944726,-0.679648,-0.379803
symbolic,-0.972258,0.59256,-0.087924,-1.5177,0.680144,0.278816,-0.954097,-1.511456
counterexample,-0.67699,0.241376,2.271621,-0.886525,-1.042311,1.431432,-0.803869,-0.725522
uniqueness,-1.023215,-0.134348,0.948981,-1.382483,0.098796,1.058472,-1.066132,-1.546037
proportion,-0.015171,0.947285,0.775722,-1.580613,1.413456,0.058508,0.46328,-1.266766
eliminate,0.001811,0.370091,0.768539,1.220556,1.306678,-0.147454,0.218418,-0.669664
poset,-0.308646,-0.205815,2.67514,-1.937471,-1.383855,1.315019,0.689531,-0.587939
midpoint,-0.101126,0.479946,1.414951,-1.647241,-0.821195,-0.419324,1.551514,-0.17957
Pascal,-1.249443,-0.402076,-0.439053,0.317606,-1.068855,1.154667,-0.047504,0.108839
countably,-1.029614,0.113985,3.065345,-1.52155,-1.06433,1.140451,1.044534,-1.616029
hexagon,-1.237809,-0.223288,1.16484,-1.146953,-1.496674,-0.448386,1.42795,-0.398086
hypergeometric,-0.686472,-0.838811,2.21761,-1.271488,-1.634346,1.917338,-0.242392,-1.053641
atomic,0.349888,0.228011,0.489195,-0.204031,-0.201511,1.095378,0.363817,-1.536324
bias,-0.027889,0.218985,1.126905,-0.135963,0.996316,1.37723,-1.048672,-2.311882
constructive,-0.006906,-0.536318,0.802699,-0.809589,0.507657,1.27161,-1.431583,-1.684295
significance,0.48583,0.999518,-0.433076,-1.817118,1.078855,0.487435,-0.555193,-1.073572
weighted,-1.128405,0.118139,1.839889,0.357542,-0.134695,1.463917,1.309388,-1.461152
multivariate,-0.109562,-0.645509,1.448428,-1.376452,-1.270012,2.530829,0.297583,-2.04611
iterative,-0.716653,-0.615473,1.614743,-0.988092,-0.499237,1.364192,0.163889,-2.360169
Peano,-0.860282,-0.80253,1.915454,-1.723857,-0.958713,1.986162,-0.616302,-0.1536
cryptography,-0.051478,-1.754878,0.873049,-0.553034,-0.815947,1.247564,-0.267599,-2.032878
nonnegative,-1.362829,0.14271,2.693438,-0.737036,-0.71166,1.968644,0.650152,-1.063726
Abel,-0.663376,0.390639,-0.25956,0.525386,-0.693049,0.688098,-1.07774,1.295279
differentiation,0.234108,0.550832,1.278044,-1.611101,0.110449,1.470875,0.165353,-1.967444
categorical,-0.833391,-0.560794,1.884879,-1.470801,-0.130333,2.43483,-0.478902,-1.74784
Kolmogorov,-1.026672,-1.096067,1.601248,-1.005512,-1.03448,2.489717,-0.249584,-0.682184
minus,-0.7085,0.373356,1.20357,0.545292,-0.088734,0.633857,1.190808,-0.295356
Hardy,0.51058,1.433973,-0.34913,0.829796,-1.133124,-0.248591,-0.773605,0.128151
Hadamard,-0.437412,-0.188679,1.87118,-1.582294,-1.871323,1.716619,0.145942,-0.556149
endomorphism,-1.258113,0.473751,2.663263,-1.698083,-1.158475,1.93182,1.070629,-0.554724
nonempty,-0.825509,0.581672,2.699579,-1.68476,-0.855478,1.209791,1.273337,-0.624736
undirected,-1.050109,-0.419541,2.252775,-1.595047,-1.154702,0.760891,0.687045,-1.244286
continuously,0.417824,0.873234,0.590997,-0.37839,0.937633,-0.21715,0.362318,-1.167151
elimination,-0.19614,-0.044765,1.150953,1.161005,1.038515,0.413607,0.684118,-0.982693
Fréchet,-0.789571,-0.373068,2.27467,-1.871085,-1.929675,1.15168,0.025788,-0.519192
conjunction,0.12038,0.020869,-0.283983,-0.268852,0.497554,0.515792,0.475111,-1.299024
homeomorphic,-1.290651,-0.118159,2.257011,-2.226371,-1.350134,0.56516,1.113333,-0.837157
discriminant,-0.952769,-0.454897,2.267195,-1.189481,-0.744633,2.471683,0.564983,-0.964264
Lorentz,-0.021339,0.151409,1.549071,-1.230437,-1.438013,2.313541,-0.569993,-0.638615
axiomatic,-0.608639,-0.47744,1.170936,-1.349495,-0.969907,2.11306,-0.811797,-1.612047
deduce,-0.543773,1.131013,1.744151,-0.269013,-0.341843,0.801283,-1.204083,-0.803294
jacobian,-0.858422,0.05133,2.16327,-1.542984,-1.448235,2.134819,0.503575,-1.01651
supervision,1.071709,-0.647873,-0.383018,0.089311,0.810244,1.212027,-0.9879,-0.611282
polyhedral,-1.567901,0.025682,1.570771,-2.004617,-2.038336,0.77924,0.963045,-1.309913
inscribe,-0.821873,1.209101,0.095178,-2.149788,-0.172033,-0.656259,0.061903,0.46188
idempotent,-0.854013,-0.085625,3.06443,-1.515772,-1.030529,1.4788,0.672221,-0.628985
Nash,0.514872,0.70211,-0.066332,1.529486,-1.017794,0.260573,-0.429566,-0.147156
pentagon,0.371073,-0.628915,1.233367,0.239473,0.172435,-0.072763,0.077245,-0.243513
topologically,-1.869145,0.322079,1.988167,-2.533453,-0.997319,0.471761,1.008515,-1.048994
automaton,-1.225711,-0.517652,1.59795,-1.010579,-1.134009,0.592161,-0.179424,-1.106716
submanifold,-0.868035,-0.279365,2.345922,-1.892739,-2.109089,0.485545,0.548007,-1.262619
corollary,-0.437883,-0.26731,2.09543,-0.866312,-0.266596,1.490268,-0.512011,-0.629453
normally,0.198501,1.402355,0.983138,-0.495309,1.204554,-0.509065,0.671387,-1.662158
rigid,-0.052651,0.825724,1.522007,-1.260843,0.023838,-0.261957,0.365758,-1.817878
norme,-1.565879,-0.621574,1.710824,-1.589877,-1.180179,1.551241,1.066472,-0.809027
confidence,-0.233669,0.512562,0.934455,0.603596,1.504617,0.640252,-1.163453,-1.086915
triangulation,0.096329,-0.371029,1.772871,-1.849347,-1.431607,0.542174,0.671951,-1.14279
monotone,-1.05441,0.100589,2.09429,-1.003003,-1.22067,0.784427,-0.019748,-1.2151
diffeomorphism,-0.276301,-0.054717,2.240941,-2.508011,-0.929317,1.647313,0.679285,-0.802842
cumulative,-0.03225,-0.326203,1.291721,0.29497,0.997193,1.335666,1.178758,-1.429855
coprime,-1.78914,0.425242,3.272056,-0.933418,-0.115203,2.202851,0.943006,-0.070868
dominate,0.20196,0.607924,-0.228325,-0.673954,1.280276,-0.9484,-0.001112,-0.52666
deformation,0.317629,0.788354,1.847002,-2.172462,-0.673375,0.362378,0.460298,-1.969543
unbounded,-0.736455,-0.356902,2.314553,-1.476957,-0.655214,0.505137,-0.070258,-1.237354
pointwise,-0.708214,-0.49277,2.942481,-1.404928,-0.330307,1.669492,0.548074,-1.054422
spline,-0.621662,-0.231919,2.185499,-0.875588,-1.985914,1.038413,1.175764,-0.964464
bound,0.334204,0.123471,1.274688,-0.767945,-1.183574,0.553095,0.159699,-0.633866
analytical,0.241388,-0.260909,-0.517755,-1.131178,-0.188068,2.143192,-0.604879,-2.496081
compass,0.038914,0.015427,0.440587,-0.405623,-0.510596,-0.158128,0.713124,-1.041179
induced,0.291034,0.366144,2.580755,-0.998765,-0.442347,1.058862,0.163356,-1.668735
Serre,-0.907413,-0.634915,0.873168,-2.006734,-1.062213,0.370261,0.078257,0.871685
transport,1.699134,0.122779,-0.498291,-0.46711,1.510927,-0.467583,1.394224,-0.366465
distributive,-0.329635,-1.375228,1.969798,-1.342604,-0.087888,1.719127,-0.367293,-0.988643
trigonometry,-0.335096,-0.814788,0.861031,-2.059532,-1.538149,1.802242,0.021805,-0.874698
dihedral,-1.118656,0.519838,2.657292,-1.545717,-0.993813,-0.078046,1.622034,-0.539524
residual,0.713815,0.305495,2.012096,-0.964802,0.232554,0.406732,0.479676,-1.884418
fifth,-0.150614,1.217184,-0.50999,1.085498,1.121506,-0.119729,0.740815,0.537784
geometrically,-1.40125,0.543027,1.968604,-2.057608,-0.732942,0.626362,0.383726,-1.564217
Kronecker,-0.568611,-0.375209,2.043133,-1.454626,-1.397359,2.140696,-0.233882,-0.216295
monomial,-1.84466,-0.5927,2.570556,-1.554508,-0.181407,2.11117,0.336065,-0.851614
posterior,0.179665,1.740669,2.427595,-1.970242,-1.059368,-0.406863,0.913849,-0.938696
Pearson,1.107654,0.571929,-0.366618,1.246757,-0.937408,0.814935,-0.520014,0.063998
fibration,-0.648302,-0.252784,2.481087,-2.009068,-1.963154,0.761238,0.343227,-0.727379
hundred,0.439331,1.398443,-0.320206,-0.423398,1.712419,-0.696454,0.225159,-0.07135
sparse,-0.389238,0.877943,0.846958,-1.626076,-0.632924,-0.557184,0.536938,-1.748802
logistic,1.420106,-1.355919,0.364716,-0.163205,1.179372,0.332987,1.054318,-0.964367
parabolic,-0.381699,0.45542,1.430061,-1.844849,-1.530117,0.142836,1.581982,-1.301917
connected,0.338743,-0.697209,1.246795,-0.706085,0.398063,0.323825,0.133959,-1.277134
learning,0.630103,-0.581044,-0.945102,-0.762935,0.581357,0.774642,-0.856554,-2.676178
sequential,-0.599361,-0.098033,1.117052,-0.346101,-0.272876,1.345205,0.960499,-2.074427
million,0.960477,0.513731,0.062619,1.05661,1.968743,0.316049,2.151991,-0.205329
parallelogram,-0.995635,0.337432,2.38221,-2.024506,-1.375733,-0.141084,0.777025,-0.583237
randomly,-0.916885,0.711299,1.756478,0.118392,0.609087,-0.116824,0.778028,-1.581697
monoidal,-0.861288,-0.960633,2.431099,-2.19631,-1.180052,0.488908,0.668098,-0.976447
computability,0.281429,-1.20978,0.961447,-1.346459,-1.862621,2.675532,-0.881037,-1.212882
orthoplex,0.397763,0.282562,1.153839,-0.514503,-3.995314,1.479554,1.414102,-0.620667
ergodic,-0.272961,-0.51172,1.781339,-1.4829,-1.623666,2.018155,-0.687545,-1.453821
noncommutative,-0.561437,-0.643504,1.374895,-1.380856,-1.861745,1.939981,-0.042416,-1.530568
commutator,-0.399448,-0.241518,2.277139,-1.008913,-1.318115,1.00761,0.710321,-1.232393
constructible,-1.536114,-0.468212,2.670977,-1.680166,-1.352751,0.92057,0.321879,-1.005986
supremum,-0.918755,-0.357333,2.664727,-1.298122,-0.292863,1.321661,0.880388,-0.295096
Archimede,-0.562166,-0.632695,1.287353,-1.539272,-1.431681,0.164283,0.016031,-0.432868
formalism,-0.752447,-0.437117,0.978086,-1.634333,-0.939536,1.95378,-0.933647,-1.606243
inductive,0.219765,-0.408508,1.78789,-0.61943,-0.786522,1.604034,-0.240109,-2.17836
Noether,-0.049554,-1.133948,1.07724,-1.306302,-1.571921,2.168488,-1.254343,-0.757398
hypergraph,-0.98448,-0.404031,2.978622,-1.74013,-1.455998,0.921688,0.788496,-0.560989
identification,0.229162,0.53574,0.224722,-0.973998,0.804468,0.943249,-0.061917,-1.717874
tetrahedral,-0.732992,0.351263,1.785884,-1.765327,-1.700922,0.352007,1.629581,-1.058655
heuristic,-0.444138,-0.716561,1.563372,-0.505054,-0.286565,1.195773,-0.687639,-2.477844
Kleene,-0.131248,-0.718686,1.844197,-1.008113,-1.952858,2.250349,-0.438255,-0.589374
membership,1.089484,-0.551624,-0.695805,0.259167,2.270888,0.834924,-0.360777,-0.693688
uncountable,-1.74379,-0.182079,2.673043,-1.900513,-0.428007,1.418625,0.244782,-0.313831
reflexive,-2.297495,-0.415675,1.430704,-1.127088,-0.343331,1.008889,-0.330819,-1.364206
Chebyshev,-0.468615,-0.597429,2.334827,-1.419512,-1.64051,1.910929,-0.213196,-0.774635
antiprism,-2.206643,-0.23746,1.801006,-1.863997,-2.578362,-0.432875,1.505721,0.092834
compactness,-0.486667,-0.66028,2.325752,-1.622113,-0.64379,1.563419,-0.295515,-1.073697
revolution,-0.264366,0.720401,-0.942724,-0.394149,1.664493,0.436798,-0.993683,0.170029
spread,0.110214,1.184546,0.175906,-1.135449,1.888548,-0.991537,0.202779,-0.969685
indeterminate,-0.538853,0.382638,1.539116,-1.904774,-0.427355,0.791519,0.08059,-0.552512
perturbation,-0.601862,0.458485,1.98939,-1.470898,-0.492778,1.452349,0.350915,-1.850571
numerator,-2.027808,-0.269891,2.957593,-1.081938,0.354467,1.838377,0.935041,-0.587995
pullback,-1.023108,-0.588574,2.313484,-1.834362,-1.351185,0.635964,0.750595,-0.708313
brownian,-0.227767,-0.278439,1.862117,-1.232061,-1.707453,1.407125,0.08772,-1.328897
Shannon,0.604273,0.623803,-0.234389,1.481361,-1.182817,0.019143,-0.46685,0.17149
mesh,-0.536838,0.1048,0.899024,-0.978214,-0.877828,-0.424723,1.275286,-2.329894
rotational,-0.266547,0.439815,1.84871,-0.938069,-0.425722,1.066058,1.356463,-1.353743
asymptotically,-0.448814,-0.077914,2.974754,-0.950451,-0.542367,1.129661,0.608087,-1.316558
algorithmic,-0.247455,-1.173869,0.750815,-0.560191,-0.548713,1.919037,-0.381478,-2.561696
invariance,-0.037722,0.145485,2.110361,-1.686268,-0.776263,2.559488,-0.093526,-1.310506
quadrature,-0.963862,-0.960517,2.042399,-1.390568,-1.355012,1.385295,0.488647,-0.972698
Zermelo,-0.629014,-0.884059,2.202,-1.002221,-1.296509,2.568966,-1.221044,-0.602351
coset,-1.337715,-0.571736,2.228587,-1.217636,-0.387678,1.687953,0.679199,-0.094049
intuitionistic,-0.656319,-0.781812,1.862141,-1.63925,-1.548122,2.261411,-0.75998,-1.111388
piecewise,-0.729241,0.201129,2.589709,-2.01429,-1.399072,1.250159,0.736312,-1.1017
significantly,0.841297,0.960671,0.593647,-0.680284,1.675156,0.188665,0.540322,-1.644923
conjugacy,-1.108074,-0.320933,2.431415,-1.665806,-0.967768,1.423588,0.576751,-0.23171
exponentiation,-1.471011,-0.823502,2.476266,-1.17175,-0.287251,1.763099,0.632518,-1.040257
variational,-0.029833,-0.987375,1.419012,-1.534225,-1.402036,2.333502,-0.669466,-1.742858
Bayes,0.102192,-0.464598,1.838121,-0.570491,-1.544399,1.871649,-0.970173,-0.918382
orientable,-0.821734,0.2774,2.185723,-1.60009,-2.266278,0.896294,0.697795,-1.136753
Scott,0.875333,1.557773,-1.007148,2.440479,-1.032653,0.220933,-0.844207,0.30384
replacement,0.877633,0.757277,0.61729,1.028323,0.619711,0.179001,0.647836,-0.709904
hypercube,-1.100652,-0.053686,1.657819,-1.443648,-2.118646,0.519812,1.156733,-0.906282
Liouville,-0.04285,0.106767,1.932003,-1.8711,-1.859038,2.780553,-0.367207,-0.716005
bijective,-1.149208,-0.111969,2.283806,-2.294789,-0.368143,2.025372,0.842043,-0.32397
complementary,-0.090394,-0.097443,0.365242,-1.107332,0.21616,0.770205,0.174221,-2.346127
cotangent,-0.858435,-0.112672,2.251795,-2.240363,-1.907655,1.469017,0.909736,-1.064389
Schwarz,-0.724106,-0.11048,-0.332112,-0.004532,-1.23634,1.917716,-0.188056,0.807186
conjugation,-1.901672,0.083664,1.539033,-2.079364,0.401474,1.161499,0.323319,-0.919092
Hermite,-0.65198,-0.36706,1.974301,-2.041574,-1.568863,1.833093,-0.05445,-0.041329
hypersurface,-0.559331,0.10738,2.532424,-1.988538,-1.914636,0.884748,0.518971,-0.945645
perimeter,1.012271,0.449729,1.088462,-0.939272,0.649554,-1.355135,1.255745,-0.22749
homological,-0.551848,-0.63553,1.217555,-2.35958,-2.331767,2.2771,-0.111586,-1.54916
threshold,0.009755,0.40118,1.677983,-0.145951,1.000781,1.225272,0.768521,-1.712536
truncation,-0.079228,0.085454,2.331321,-1.141823,-1.290361,0.876269,1.158956,-0.615749
modal,-1.044261,-0.380392,0.644063,-1.397972,-0.637957,0.885822,0.052321,-1.637303
Zariski,-0.54773,-0.59745,1.625441,-1.663101,-1.980693,0.909733,0.120997,-0.872536
incomplete,-0.334532,1.006494,0.487689,-0.496157,0.286795,0.789366,0.309909,-0.432356
Lipschitz,-0.475722,-0.648218,2.334045,-1.17698,-1.594241,1.379832,-0.248843,-0.288251
moduli,-0.198032,0.005793,1.744894,-2.058994,-2.804579,0.714811,0.208493,-1.157566
ellipsoid,-0.491565,0.51174,1.909765,-2.32687,-1.810945,0.161925,1.262805,-0.404645
rhombic,-1.882879,-0.221852,2.17644,-1.895128,-1.815833,-0.59996,1.463351,0.263031
Ramsey,0.952381,0.514131,0.105263,1.140551,-1.154478,0.1658,-0.686809,0.298139
acyclic,-1.190396,-0.450181,2.15819,-1.973768,-1.062101,0.680061,0.646419,-1.186878
atlas,-0.054121,-0.092872,-1.078887,-0.645625,-0.48835,0.380113,0.869712,-0.136541
adjacency,-1.038261,-0.683834,2.394448,-1.571542,-0.951717,1.143177,0.720916,-1.317261
indicator,0.395521,0.056798,0.721408,-0.798944,0.751357,0.653985,0.836589,-2.463562
twenty,0.174463,1.473793,-0.561342,0.23026,1.308449,-0.235039,0.313866,0.293981
chaos,-1.342267,0.725234,0.539117,0.26984,0.43438,-0.259058,-0.545677,-0.731337
concave,-0.694366,1.577641,1.987336,-1.934307,-1.029884,-1.069258,1.342378,-1.005985
undecidable,-0.204545,-0.588366,2.449241,-0.854062,-1.024056,2.422759,-1.274733,-0.589965
submodule,-1.480424,0.28167,3.020806,-1.66655,-1.50478,0.961872,0.844354,-0.328447
Wilson,1.076007,1.406143,-0.943112,1.988385,-0.527149,0.327814,-0.845572,0.438925
isometric,-2.016188,-0.680174,1.307379,-1.248213,-0.79673,0.045026,1.04552,-1.77836
automorphic,0.073029,-1.134237,1.618658,-1.489545,-1.876578,1.793793,-0.147489,-1.279242
reciprocity,0.177834,-0.905018,1.857335,-0.98329,0.175112,1.600133,-1.194026,-1.086915
enumeration,-0.184355,-0.80221,1.412552,-1.417926,-0.281552,1.390933,0.460004,-0.635777
scaling,-0.486786,0.047639,1.701887,-1.158245,-0.680815,1.106434,0.643207,-2.219746
martingale,-0.424072,-1.167259,2.572713,-0.78861,-1.484411,0.868448,-0.171025,-1.039888
conversion,0.54352,0.429787,0.568261,-0.462707,1.051525,0.524954,0.701248,-0.904502
deduction,-0.008569,-0.853105,2.010681,0.338499,0.900509,1.241789,0.127874,-1.145468
invert,-0.966226,0.914646,1.43667,-0.878918,-0.581301,-0.278078,1.13231,-1.038523
provable,-0.97787,-0.762521,3.300126,-1.00823,-0.015674,1.788339,-0.785047,-0.66935
Baire,-1.700856,-1.18276,1.799522,-1.655924,-1.624425,1.298775,-0.074627,-0.399594
seminorm,-0.174153,-0.034916,3.117258,-0.957651,-1.60494,1.499357,0.091127,-1.556657
Sobolev,-1.452114,-1.837119,1.683506,-0.760954,-0.747432,2.405634,-0.440359,-0.126009
diverge,-0.032435,0.849037,1.065928,-1.960884,-0.007198,-0.058157,0.396957,-0.566012
reducible,-1.186264,-0.262825,3.048585,-1.218694,-0.430033,1.428232,-0.271823,-1.080516
Riesz,-0.66163,-1.055135,1.839,-1.696584,-1.827383,1.742047,-0.641339,-0.730488
metrizable,-0.657199,-0.704037,3.340622,-1.308131,-1.502875,0.58596,0.854445,-1.174441
penrose,0.891654,-0.092869,0.401535,-0.30185,-1.92129,0.838781,-0.852004,-0.002458
centroid,-0.534843,-0.470651,2.149175,-1.827576,-1.359441,0.089459,1.041205,-0.271846
curved,-0.396818,2.472088,1.085449,-1.726634,-1.037186,-1.477863,1.647161,-1.314116
forest,1.369056,1.23681,-1.176086,-0.898782,0.646447,-1.44006,0.743,-0.004709
isolated,0.628112,1.166444,0.728383,-1.646579,0.814456,-1.02227,0.146216,-0.834849
Schmidt,-0.307957,0.533962,-0.671475,0.749686,-1.089057,1.992132,-0.32044,0.766584
ultrafilter,-0.600994,-0.472953,3.393522,-1.045793,-1.32815,1.349475,-0.053629,-0.86167
primality,0.948975,-1.264104,3.246243,-0.031679,-2.230029,0.876356,-0.723204,-0.968286
continuation,-0.072201,0.370617,0.186353,-0.671657,0.885601,0.436055,-0.125471,-0.330433
demonstration,0.104429,-0.096081,-0.104307,0.08728,1.579409,-0.156272,-0.077546,-1.04091
ternary,-1.42003,-0.347823,1.43685,-1.482456,-0.882929,0.952242,0.871829,-1.221357
compactification,-0.868942,-0.258479,2.073482,-1.523396,-2.701851,0.565537,-0.105529,-0.754247
cylindrical,-0.232321,2.183429,1.149023,-1.802768,-1.335063,-1.108126,2.274312,-1.14543
randomness,-0.866656,-0.514417,1.928293,-0.964898,-0.657521,1.314489,-0.595458,-1.871885
twelve,-0.054214,1.593657,-0.386744,0.12138,1.022968,-0.161738,0.59084,0.240358
arithmetical,-1.080991,-0.971046,2.094677,-1.701644,-0.328279,2.028182,-0.277782,-1.352595
octahedral,-1.087526,0.135478,1.676083,-1.851945,-2.104294,0.121043,1.665476,-1.179826
abstraction,-0.766049,-0.059897,-0.24578,-1.393592,-0.434668,0.728545,-0.588247,-2.191461
leaf,0.106856,1.781725,-0.090614,-1.346922,-0.967291,-1.419239,1.092356,-0.881043
stabilizer,0.369507,0.369691,2.32959,-0.446201,-0.95164,-0.39579,1.529099,-1.677047
Bourbaki,-0.78119,-1.809053,0.895008,-1.821969,-1.244778,1.132487,-1.091906,0.57448
disjunction,-1.569941,-1.095791,2.406214,-1.438501,-0.234601,1.52275,-0.141528,-0.975335
trivially,-1.090958,0.182033,2.926627,-0.823701,-0.618502,1.282467,0.279125,-0.860311
codimension,-1.224146,-0.224992,2.297327,-1.411747,-1.975823,0.868974,1.412934,-0.774806
tangential,-0.65397,-0.017715,2.610751,-1.566513,-0.894232,0.308852,0.778114,-1.149275
secant,-0.356515,0.229925,2.428025,-2.209037,-2.171239,0.606127,0.629723,-0.634459
Catalan,-1.443155,-0.899833,-1.004703,-1.380556,1.032428,-0.06048,-0.504967,0.463042
codomain,-1.747842,-0.736618,2.302057,-2.241471,0.046329,1.218557,1.096144,-0.867602
differentiate,-0.352376,0.890967,0.635833,-1.424028,0.542027,0.308706,-0.190343,-1.833694
